001/001,CAJA PARA 4 PIEZAS DE ACETATO,2.11
001/003,CAJA MASTER 24 VELA CUADRADA,3.58
001/004,CAJA SET VOTIVE 4 PARA 24 PIEZAS,4.36
001/005,CAJA MASTER 96 VELA VOTIVE RECTA,4.95
001/006,CAJA MASTER 24 PIEZAS SET 2 VELAS,3.73
001/007,CAJA MASTER 24 VELAS 2 1/2 x 2 1/2 CON SEPARADOR 25.0 X 18.5,5.54
001/008,CAJA PARA 4 PIEZAS CIRIO CHICO 14.0 x 14.0 x 7.0,2.21
001/009,CAJA PARA 4 PIEZAS CIRIO GRANDE 14.0 x 14.0 x 13.0,3.52
001/010,CAJA MASTER 96 PIEZAS VOTIVE RECTA 32.0 x 23.2 x 9.9,4.19
001/011,CAJA 4 VOTIVES HOME INSPIRATION MANZANA CANELA,1.47
001/012,CAJA 4 VOTIVES HOME INSPIRATION LILIES,1.47
001/013,CAJA 4 VOTIVES HOME INSPIRATION VAINILLA,1.47
001/014,CAJA 24 PIEZAS VOTIVE HOME INSPIRATION LILIES,3.48
001/015,CAJA 24 PIEZAS VOTIVE HOME INSPIRATION VAINILLA,3.48
001/016,CAJA 24 PIEZAS VOTIVE HOME INSPIRATION MANZANA CANELA,3.48
001/017,CAJA NUEVA 46.6 x 36.8 x 16.7,14.92
001/018,CAJA 4 VOTIVE HOME INSPIRATION FRESAS CON CREMA,1.47
001/019,CAJA 24 PIEZAS VOTIVE HOME INSPIRATION FRESAS CON CREMA,3.48
001/020,CAJA 21  21.0 x 19.0 x 19.0 KRAFT,4.44
001/021,CAJA MASTER BODEGA 50.0 x 40.0 x 60.0,27.2
001/022,CAJA REGULAR 46.6 x 31.7 x 24.9,15.75
001/023,CAJA NUEVA 46.6 x 36.8 x 16.7,12.56
001/024,CAJA VASO VOTIVE LISO 24 PZAS 24.5 x 18.0 x 13.8 INCLUYE SEPARADOR.,4.97
001/025,CAJA VASO VOTIVE CRUZ 24 PZAS 24.6 x 18.3 x 12.7 INCLUYE SEPARADOR.,5.09
001/026,CAJA MINI JAR 24 PZAS 25.5 x 19.2 x 18.0 INCLUYE SEPARADOR.,5.9
001/027,CAJA CANDELERO 2 PZAS 24 PIEZAS 24.0 x 16.3 x 13.5 INCLUYE SEPARADOR.,4.07
001/028,CAJA ESFERA 2/24 PZAS 21.5 x 16.0 x 10.8 INCLUYE SEPARADOR.,3.96
001/029,CAJA 4 PZS VELA CUADRADA CAFE CHICA Y GRANDE 16.0 x 16.0 x 11.5  23 ECT.,3.38
001/030,CAJA VELA ADVIENTO IMPRESA,1.71
001/031,CAJA 36 PZAS VELA OVNI 23.0 x 17.0 x 18.0  23 ECT.,5.06
001/032,CAJA MASTER 24 PZAS CIRIO MARMOLEDO 26.0 x 19.5 x 11.0 CON SEPARADOR.,4.99
001/033,CAJA VASO OISTER 24 PZAS 26.0 x 19.5 x 9.6 INCLUYE SEPARADOR.,5.6
001/034,CAJA 4 PIEZA CUP GRANDE 23 ECT 18.5 x 18.5 x 11.0,4.16
001/035,CAJA 4 PIEZAS CUP CHICO 18.5 x 18.5 x 7.5 23 ECT,3.69
001/036,CAJA 4 PIEZAS CIRIO 3 x 4  16.0 x 16.0 x 11.0 23 ECT.,3.33
001/037,CAJA SUAJADA BLANCA,1.97
001/038,CAJA COPA XXL 16.0 x 16.0 x 41.0 23 ECT,6.72
001/039,CAJA COPA XL 16.0 x 16.0 x 36.0 23 ECT,6.14
001/040,CAJA PARA 24 PIEZAS CIRIO TIPO LAPIZ 21.0 x 16.0 x 14.0 23 ECT.  CON SEPARADOR.,4.73
001/041,CAJA 24 PIEZAS VOTIVE HOME INSPIRATION FRUTOS,3.48
001/042,CAJA 24 PIEZAS VOTIVE HOME INSPIRATION CANELA,3.48
001/043,CAJA 24 PZAS VOTIVE HOME INSPIRATION FLORES .,3.48
001/044,CAJA 24 PZAS VOTIVE HOME INSPIRATION CITRICOS.,3.48
001/045,CAJA 4 PIEZAS VIDRIO HEXAGONAL,3.43
001/046,CAJA REGULAR RANURADA ,2.94
001/047,CAJA 24 VOTIVE OVAL HOME INSPIRATION .,3.48
001/048,CAJA PINO NAVIDAD,7.12
001/049,CAJA ESFERA CUADRO,4.76
001/050,CAJA PARA 90 PIEZAS VOTIVE OVAL,5.08
001/051,CAJA 255,5.31
002/001,CAJA JARRA PERA M-2 36.5 X 18.5 X 27.0 23 ECT. INCLUYE BANDA Z,1
002/002,CAJA VASO HB M-4  16.5 X 16.5 X 16.0 23 ECT. INCLUYE DIVISION UNICA,1
002/003,CAJA COPA MARGARITA M-4,1
002/004,CAJA COPA CHABELA M-4,1
002/005,CAJA VASO TEQUILERO M-6,1
002/006,CAJA VASO DOF M-4,1
002/007,CAJA VASO TEQUILERO M-12,1
002/008,CAJA CALAVERA CHICA M-12,1
002/009,CAJA CALAVERA MEDIANA M-6,1
002/010,CAJA CRANEO MEDIANA M-6,1
002/011,CAJA CALAVERA GRANDE,1
002/012,CAJA TORTILLERO M-6,1
002/013,CAJA ENSALADERA M-4,1
002/014,CAJA SALSERA CHICA M-6,1
002/015,CAJA SALSERA GRANDE M-4,1
002/016,CAJA MEDIA NARANJA M-6,1
002/017,CAJA CUADRADO M-4,1
002/018,CAJA VELA MARGARITA CHICA M-12,1
002/019,CAJA ESPEJO M-6,1
002/020,CAJA PARA CHIMENEA,1
002/021,CAJA PARA CHIMENEA JUMBO,1
002/022,CHIMENEA CHICA 38.0 X 36.0 X 66.0 51 ECT,48.98
002/023,CAJA PLATO GRANDE M-1 64.0 X 63.8 X 28.0  51 ECT.  CON HAND HOLD INCLUYE ESQUINEROS.,1
002/024,LAMINA 42.5 X 60.0  40 ECT. WALL DECOR.,1
003/001,CAJA TRES CORONAS 12/LTO. VIDRIO (SUNNY),10.67
003/002,CAJA 12/940 ML. GUALA 3 CORONAS,1
003/003,CAJA SUPRA 5 LTS. PET,1
003/004,CAJA 12 LTO. PET ALTA,1
003/005,CAJA 12 1/LTO. PET,1
003/006,CAJA TRES CORONAS 36/250,1
003/007,CAJA 3 CORONAS 5 LTS. PET,1
003/008,CAJA LOBO SALVAJE 24/500 ML. 44.0 X 30.5 X 18.5  23 ECT.  IMPRESION UNA TINTA.,1
003/009,CAJA LOBO SALVAJE 750 ML. 38.8 X 29.3 X 24.5  23 ECT.,1
003/010,CAJA SUPRA MERCADITO 36/250,1
003/011,CAJA LOBO SALVAJE 1 LTO. 33.0 X 25.0 X 31.0  23 ECT.,1
003/012,CAJA FLOR SALVAJE 1 LTO. 33.5 X 24.5 X 36.5  23 ECT.  IMPRESION  UNA TINTA.,10.82
003/013,CAJA TRES CORONAS 6/750 A—EJO,1
003/014,CAJA NUBE AZUL,1
003/015,CAJA TEQUILA DON RUBEN 27.0 x 24.0 x 26.0 26 ECT BLANCO CON IMPRESION,10.69
003/016,CAJA TRES GRANDES A—EJO 6/750 ML,10.91
003/017,CAJA VERSATIL 12/1000,9.1
003/018,CAJA DOS CORAZONES,10.47
003/019,CAJA SUPRA 12/950 LTO PET,7.99
003/020,CAJA SUPRA 24/440 LTO PET,8.08
003/021,CAJA 12 BOT. 1 LITER LIQUOR,11.13
003/022,JUEGO DE DVISION 12 BOT. 1 LITER LIQUOR,3.9
003/023,CAJA TRES CORONAS 12/750 ML,1
003/024,CAJA TRES CORONAS A—EJO 6 BOT/ 1 LTO,13.65
003/025,CAJA SUPRA MERCADITO 24/440 PET,9.66
003/026,CAJA SUPRA MERCADITO 12/960 PET,9.66
003/027,CAJA TRES CORONAS 960 ML PET,9.66
003/028,CAJA RANCHO VAQUERO 12/750,1
003/029,CAJA SUNY 12/1000 ML,1
003/030,CAJA BRANDY 950 ML,10.88
003/031,JUEGO DE DIVISION BRANDY 950 ML,4.38
003/032,CAJA LOBO SALVAJE 12/1 LTO,1
003/033,CAJA TRES CORONAS 24/440 ML,9.87
003/034,CAJA MS 12/1000 ML,1
003/035,CAJA 2 CORAZONES FRUTOS ROJOS,1
004/001,LAMINA 108.0 x 110.0 7 KGS. KRAFT,11.53
004/002,LAMINA 51.7 x 29.5 23 ECT KRAFT,1.55
005/001,CAJA ALFAJOR,1
005/002,CAJA 10 KGS. 31.0 X 25.0 X 11.0  23 ECT.,1
005/003,CAJA BARRA GRANDE,12.6
005/004,CAJA BLISTER,15.93
006/001,CAJA # 4 ESCAPE REDONDO 5 x 21,5.68
006/002,CAJA # 3 ESCAPE REDONDO 5 X 18,4.99
006/003,CAJA # 1 MASTER 20,1
006/004,CAJA # 2 ESCAPE DEP. 18 M-4,1
006/005,CAJA # 5 ESCAPE REDONDO 5 X 23,6.33
006/006,CAJA # 6 SILENCIADOR OVALADO 5 X 9 X 18,6.96
006/007,CAJA # 7 SILENCIADOR OVALADO 5 X 9 X 20,8.8
006/008,CAJA # 8 SILENCIADOR OVALADO 5 X 9 X 29,9.53
006/009,CAJA # 9 ESCAPE 3 X 26,4.62
006/010,CAJA # 10 ESCAPE DEPORTIVO 4 X 4 X 18 PUNTA AMARILLA,4.25
006/011,CAJA # 11 ESCAPE BALA 10.5 x 10.5 x 41.5 23 ECT,4.18
006/012,CAJA # 12 ESCAPE CRUZ,4.6
006/013,CAJA #4 ESCAPE REDONDO 5 X 21,7.56
006/014,CAJA # 13 SILENCIADOR BALA MOTO,4.46
006/015,CAJA 016,6.52
006/016,CAJA #17 SILENCIADOR 9X4,5.28
006/017,CAJA #18 ESCAPE 3 X 30,4.9
007/001,CAJA CHANCLETA CARIBE 12 PARES 66.0 x 28.0 x 29.0  23 ECT C/S,1
007/002,CAJA CHANCLETA CARIBE 18 PARES 66.0 x 41.0 x 29.0  23 ECT C/S,1
007/003,CAJA CHANCLETA CARIBE 24 PARES 66.0 X 54.0 X 29.0  23  ECT.,34.2
008/001,CAJA COLECTIVA 24 PARES 38.5 x 38.0 x 56.3 CON DIVISION Y SEPARADOR,24.73
008/002,CAJA COLECTIVA 12 PARES CHICA 32.8 x 27.6 x 39.0 23 ECT.,12.22
008/003,CAJA COLECTIVA 32 PARES COPPEL GRANDE 52.2 x 42.5 x 57.5 23 ECT.,27.07
008/004,CAJA 3 PARES DAMA NUEVO (ANDALE) 28.5 x 16.0 x 14.0 S/G.,4.2
008/006,CAJA CABALLERO NUEVA 6 PARES  (RETRO ANDALE) 29.5 x 29.5 x 22.1 23 ECT.,8.79
008/007,CAJA HUEVERA  60.0 x 30.0 x 33.0  23 ECT,17.48
008/008,CAJA HUEVERA 60.0 x 30.0 x 33.0  S/G,16.24
008/010,CAJA EMPAQUE CASINO 45.0 x 30.0 x 30.0  23 ECT,13.83
008/011,CAJA EMP. CARICIAS 12 PRS. 61.0 x 31.0 x 30.0  23 ECT.,17.78
008/012,CAJA EMP. CARICIAS 18 PRS. GRANDE 69.0 x 48.0 x 30.0  23 ECT.,23.66
008/013,CAJA EMPAQUE CARICIAS 24 PARES 72.0 x 63.0 x 30.0 23 ECT,39.67
008/014,CAJA EMP. 2 CALZADO MAN. MEX. 55.5 x 51.0 x 30.0 23 ECT,27.07
008/015,CAJA EMPAQUE MATISSE 37.0 x 33.5 x 31.5 42 ECT D/C IMP. SELLO,25.27
008/016,CAJA RONY 10 PARES  57.0 x 44.2 x 32.0 23 ECT,24.26
008/017,CAJA RONY 12 PARES 68.5 x 44.2 x 32.0 23 ECT.,26.93
008/025,CAJA EMPAQUE BACK BLACK BAEZ 6 PRS.  67.0 x 23.0 x 32.0  23 ECT,15.1
008/026,CAJA EMPAQUE BACK BLACK BAEZ 12 PRS  67.0 x 46.0 x 32.0  23 ECT,32.25
008/027,CAJA EMPAQUE BACK BLACK BAEZ 18 PRS  69.0 x 67.0 x 32.0  23 ECT,43.34
008/028,CAJA EMPAQUE PIRMA HUEVERA 12 PARES 60.0 x 30.0 x 33.0 23 ECT. CON DIVISIONES.,22.99
008/029,CAJA EMPAQUE PIRMA  6 PARES 33.0 x 27.0 x 33.5 23 ECT. CON DIVISIONES,14.5
008/030,CAJA EMPAQUE JEAN PET 12 PRS RONY 65.0 x 43.5 x 32.7  23 ECT,22.48
008/031,CAJA EMP. JEAN PET 12 PARES SUPER SONICA 65.5 x 51.5 x 32.5  23 ECT,30.1
008/032,CAJA EMPAQUE JEAN PET 18 PARES RONY 67.0 x 66.5 x 32.7,41.81
008/033,CAJA EMPAQUE JEAN PET 18 PARES SUPER SONICA 76.5 x 67.5 x 32.5  23 ECT,43.05
008/034,CAJA 12 PARES RONY JR. EMPAQUE JOZA  61.0 x 41.0 x 29.5   23 ECT,22.64
008/035,CAJA 18 PARES RONY JR. EMPAQUE JOZA  63.0 x 61.5 x 29.5   23 ECT,35.35
008/036,CAJA EMPAQUE CELO 9 PARES  52.0 x 49.0 x 33.0  42 ECT D/C,42.48
008/037,CAJA ANDARGO 12 PRS. SUPER SONICA 65.5 x 51.5 x 32.5  23ECT,30.79
008/038,CAJA ANDARGO 18 PRS. SUPER SONICA 76.5 x 67.5 x 32.5  23 ECT,43.05
008/039,CAJA EMPAQUE ESPECIAL GUGER ITALIA 73.5 x 60.4 x 70.0  23 ECT,56.42
008/040,CAJA EMPAQUE ESPECIAL GUGER BOTIN 73.5 x 64.0 x 65.0  23 ECT,57.29
008/041,CAJA EMPAQUE ESPECIAL GUGER CHANCLETA  61.5 x 40.0 x 59.0   23 ECT,32.78
008/042,CAJA EMPAQUE TINAJERO 55  55.0 x 39.0 x 39.0  42 ECT D/C,40.57
008/044,CAJA EMP. ESP. ZEROX RONY 18 PRS 69.0 x 67.0 x 32.0,43.34
008/045,CAJA EMP. ESP. ZEROX RONY 12 PRS 67.0 x 46.0 x 32.0,32.25
008/046,CAJA EMP. BACK BLACK BOTIN 12 PRS 68.8 x 61.5 x 32.5,36.93
008/047,CAJA EMP. 1 MANUF CALZ MEX 58.0 x 35.0 x 29.0,20.8
008/048,CAJA EMP. ESP. MULLER 120.0 x 30.0 x 15.0 42 ECT D/C,38.01
008/049,CAJA EMP. BEEK 9 PRS. 85.0 x 37.0 x 31.5  42 ECT D/C,45.11
008/050,CAJA COLECTIVA 12 PRS. RONY ANDALE 44.0 x 33.5 x 64.3 23 ECT,24.38
008/051,CAJA EMP. ESP. 3 MANUF. CALZ. MEX. 35.5 x 29.0 x 24.5,12.05
008/052,CAJA EMP. ESP. MULLER  75.0 x 27.0 x 30 23 ECT C/S,19.53
008/053,CAJA PARA BOLSO DIONE T/SEP EMPALMADA IMPRESION 1 TINTA,37.88
008/054,CAJA EMPAQUES CARICIAS 18 PRS 61.0 x 46.30 x 30.0,25.55
008/055,CAJA P/BOTA STEVE MADDEN 12 PRS (2x6)  42 ECT D/C.,95.07
008/056,CAJA 6 PRS. BOTA LARGA STEVE MADDEN 69.0 x 65.0 x 55.5  42 ECT D/C.,59.26
008/057,CAJA 9 PRS BOTA LARGA STEVE MAD 42 ECT D/C,76.55
008/058,CAJA 12 PRS BOTA LARGA STEVE MADDEN 42 ECT D/C.,102.58
008/059,CAJA EMPAQUE ESPECIAL MELHER 50.0 x 19.0 x 29.0 23 ECT,11.64
008/060,CAJA EMP. ESP. 8 PRS. MANUF. CALZ MEX 35.5 x 29.0 x 25.5,12.72
008/061,CAJA 12 PRS. No 3 STEVE MADDEN 69.0 x 53.5 x 32.0 32 ECT,51.46
008/062,CAJA EMPAQUE ESPECIAL CARICIAS 6 PRS. 31.0 x 30.5 x 29.3   23 ECT,14.17
008/063,CAJA EMPAQUE ESPECIAL CARICIAS 30 PRS. 76.5 x 61.5 x 29.3  23 ECT,44.7
008/064,CAJA EMPAQUE ESPECIAL CARICIAS 24 PRS. 62.0 x 61.0 x 30.0  23 ECT,39.67
008/065,CAJA LEAVE & CO ESPECIAL 49.5 x 38.5 x 32.2  23 ECT.,40.85
008/066,CAJA EMPAQUE ESPECIAL #3 MANUF 56.0 x 52.2 x 31.0  23 ECT.,31.94
008/067,CAJA EMP. ESP. 10 PARES CHANCLETA FORRADA 51.5 x 27.0 x 29.5  23 ECT.,15.91
008/068,CAJA EMP. ESP. 6 PRS. 33.0 x 27.0 x 26.5 42 ECT. D/C.,18.16
008/069,CAJA EMP. ESP. 12 PRS. 33.0 X 27.5 X 55.5  42 ECT. D/C.,30.6
008/070,CAJA EMP. ESP. 12 PARES CHANCLETA CARIBE,18.37
008/071,CAJA EMP. ESP. MANUF #4 63.0 x 56.0 x 30.0  23 ECT.,37.76
008/072,CAJA B17/1 PAR OBM 21.5 x 11.5 x 34.8  32 ECT AMERICANO IMPRESION 1 TINTA.,9.65
008/073,CAJA B17/2 PARES OBM 23.0 x 21.5 x 34.8  32 ECT. AMERICANO IMPRESION 1 TINTA.,17.13
008/074,CAJA B17/3 PARES OBM  34.5 x21.5 x 34.8  32 ECT. AMERICANO  IMPRESION 1 TINTA.,20.87
008/075,CAJA B17/4 PARES OBM 46.0 x 21.5 x 34.8  32 ECT. AMERICANO IMPRESION 1 TINTA.,24.62
008/076,CAJA B17/5 PARES OBM 57.2 x 21.5 x 34.8  32 ECT. AMERICANO IMPRESION 1 TINTA.,28.24
008/077,CAJA B17/6 PARES OBM 42.5 x 34.5 x 34.8 32 ECT. AMERICANO  IMPRESION 1 TINTA.,33.51
008/078,CAJA B17/8 PARES OBM 46.0 x 42.5 x 34.8 32 ECT. AMERICANO  IMPRESION 1 TINTA.,42.16
008/079,CAJA B17/9 PARES OBJ 63.5 x 34.5 x 34.8 32 ECT. AMERICANO  IMPRESION 1 TINTA.,41.84
008/080,CAJA EMP. WOLKY BOTIN 1 PAR 29.5 x 12.5 x 34.2  32 ECT. NACIONAL.,9.15
008/081,CAJA EMP. ESP. CARIBE 12 PARES CHANCLETA,18.38
008/082,CAJA EMP. ESP. CARIBE 6 PARES CHANCLETA 66.0 x 14.0 x 29.0 23 ECT.,22.09
008/083,CAJA EMP. 12 ESP. MANUF.  45.0 x 35.0 x 24.5  23 ECT.,16.8
008/084,CAJA 6 PARES SD 33.0 x 27.5 x 26.5  S/G IMPRESION 1 TINTA.,5.93
008/085,CAJA 12 PARES SD 33.0 x 27.5 x 55.5  21 ECT. IMPRESION 1 TINTA.,8.85
008/086,CAJA 18 PARES SD 49.0 x 27.0 x 55.5  21 ECT IMPRESION 1 TINTA.,11.07
008/087,CAJA 24 PARES SD 49.5 x 36.0 x 55.5  21 ECT. IMPRESION 1 TINTA.,13.99
008/088,CAJA EMP. 10 PARES BOTIN #2 FORRADA,26.64
008/089,CAJA EMP. 10 PARES JOVEN SPL FORRADA,21.13
008/090,CAJA EMP. ESP. CABALLERO,6.18
008/091,CAJA EMP. ESP. 1 PAR ONLINE,6.01
008/092,CAJA EMP. ESP. MULLER  31.0 x 25.0 x 17.0 42 ECT. D/C,15.61
008/093,CAJA EMP. ESP. ANDALE 3 PARES,4.48
008/094,CAJA EMP. ESP. ONLINE 2 UN PAR,7.26
008/095,CAJA EMP. ESP. 36 PARES SD 53.5 x 48.9 x 55.0 42 ECT. D/C,63.68
008/096,CAJA EMP. ESP. ONLINE 3,5.16
008/097,CAJA EMP. ESP. CARIBE 12 PARES RONY JR,23.45
008/098,CAJA EMP. ESP. ONLINE,6.01
008/099,CAJA EMP. ESP. ANDALE,6.55
008/100,CAJA EMP. ESP. ARIFREE 40.0 x 26.0 x 30.0 21 ECT. INCLUYE DIVISIONES.,16.12
008/101,CAJA EMP. ESP. CARIBE 9 PARES CHANCLETA,14.96
008/102,CAJA EMP. ESP. ARIFREE 10 PARES,17.7
008/103,CAJA PROMODA 12 PARES INNER,28.7
008/104,CAJA PROMODA 12 PARES M-4,73.61
008/105,CAJA EMP. ESP. CARIBE 18 PARES RONY JR,36.44
008/106,CAJA EMP. ESP. 24 PARES PLANA,20.21
008/107,CAJA EMP. ESP. 24 PARES CU—A,26.76
008/108,CAJA EMP. ESP. JLO 5 PARES,13.01
008/109,CAJA EMP. ESP. JLO 6 PARES,16.34
008/110,CAJA EMP. ESP. GHOST CUBREBOCAS,14.86
008/111,CAJA EMP. ESP. PROTECTOR FACIAL ARS,13.4
008/112,CAJA EMP. ESP. PROTECTOR FACIAL M-4,23.79
008/113,CAJA SUAJADA PARA LECHON.,10.43
008/114,CAJA EMP. ESP. RENTERIA 12 PARES,20.78
008/115,CAJA EMP. ESP. CHANCLETA FORRADA 12 PARES,17.96
008/116,CAJA EMP. ESP. HOMBRE 1 PAR CAMINA LIBRE,7.19
008/117,CAJA EMP. ESP. RONY 1 PAR CAMINA LIBRE,5.74
008/118,CAJA EMP. ESP. BOTIN 1 PAR CAMINA LIBRE,8.31
008/119,CAJA EMP. ESP. XY 3 PARES,11.48
008/120,CAJA EMP. ESP. XY 6 PACK,15.22
008/121,CAJA EMP. ESP. ONLINE #1 SD,1.96
008/122,CAJA EMP. ESP. ONLINE #3 SD,4.47
008/123,CAJA EMP. ESP. ONLINE #4 SD,5.9
008/124,CAJA EMP. ESP. ONLINE #5 SD,7.5
008/125,CAJA EMP. ESP. ONLINE #7 SD,7.3
008/126,CAJA EMP. ESP. ONLINE #8 SD,14.34
008/127,CAJA GB CABALLERO JR 3 PRS,11.79
008/128,CAJA GB CABALLERO JR 5 PRS,15.8
008/129,CAJA GB CABALLERO 3 PRS,14.23
008/130,CAJA GB CABALLERO 5 PRS,19.47
008/131,CAJA EMP. ESP. #1 FORRADA 12 PARES,24.93
008/132,CAJA EMP. ESP. 48Z D/C,65.58
008/133,CAJA EMP. ESP. 12 PARES JOVEN SLP FORRADA,23.27
008/134,CAJA EMP. ESP. CARIBE RONY JR 6 PARES,14.85
008/135,CAJA EMP. ESP. GB CABALLERO 2 PRS,11.27
008/136,CAJA EMP. ESP. GB CABALLERO JR 2 PRS,9
008/137,CAJA EMP. ESP. FR 34,8.95
008/138,CAJA EMP. ESP. CARIBE 9 PARES RONY JR,20.54
008/139,CAJA EMP. ESP. MULLER N∞4 D/C,31.27
008/140,CAJA EMP. ESP. MULLER N∞5,8.11
008/141,CAJA EMP. ESP. BARG,8.29
008/142,CAJA EMP. ESP. PERF,14.47
008/143,CAJA EMP. ESP. ART,7.91
008/144,CAJA EMP. ESP. FREE STAR 12 PRS HOMBRE,36.73
008/145,CAJA EMP. ESP. FARELO 10 PARES,35.66
008/146,CAJA EMP. ESP. HOLLISTER,15.82
008/147,CAJA EMP. ESP. GARVER 18 PRS CHANCLETA ESTUCHE,25.03
008/148,CAJA EMP. ESP. GARVER 18 PRS RONY ESTUCHE,34.82
008/149,CAJA EMP. ESP. GARVER 12 PRS BOTIN ESP. ESTUCHE,43.22
008/150,CAJA EMP. ESP. GARVER 12 PRS BOTA LARGA ESTUCHE,53.01
008/151,CAJA EMP. ESP. JESA,19.1
008/152,CAJA EMP. ESP. CRISTEEN 12 PRS RONY JR,26.01
008/153,CAJA EMP. ESP. HEY GIRL CHANCLETA 9 PRS,13.97
008/154,CAJA EMP. ESP. 9 PRS,14.15
008/155,JUEGO DE DIVISION Y SEPARADOR PARA 12 PZAS.,6.2
009/001,CAJA SUNY 12/1000 ML. 33.5 x 24.5 x 36.5  23 ECT.,10.41
009/002,DIVISIONES SUNY 12/1000 ML. S/G,5.76
009/003,CAJA REAL 12/750 ML. 32.0 x 24.0 x 32.2 23 ECT.,9.72
009/004,DIVISIONES REAL 750  12/750 S/G.,4.58
009/005,CAJA CARNAVAL 12/750 ML. 40.0 x 30.3 x 23.0 23 ECT.,10.46
009/006,DIVISION CARNAVAL 12/750,4.39
009/007,CAJA GUALA 12/750 ML. 32.5 x 24.5 x 32.0 23 ECT.,9.72
009/008,DIVISIONES  GUALA 12/750 S/G,4.99
009/009,CAJA MULTIUSOS 12/1000 36.5 x 27.5 x 31.5 23 ECT.,9.95
009/010,DIVISION MULTIUSOS 12/1000.,4.68
009/011,CAJA 48/250 ML. RED. INDUSTRIAL 38.5 x 25.5 x 32.0 23 ECT.,13.75
009/012,DIVISIONES 48/250 ML. RED. INDUSTRIAL,9.69
009/013,CAJA NUEVA CREMA MEXICO 750 ML. 43.0 x 32.2 x 25.7  23 ECT,14.15
009/014,DIVISIONES NUEVA CREMA MEXICO,5.65
009/015,CAJA KARAT 12/1000 34.0 x 25.2 x 31.0 23 ECT.,9.88
009/016,DIVISION  KARAT 12/1000.,5.03
009/017,CAJA LICOR DE CAFE 12 1 LTO. 47.0 x 34.8 x 25.2  23 ECT,15.76
009/018,DIVISIONES LICOR DE CAFE 12 1 LTO.,5.91
009/019,CAJA RON SAN CARLOS 12/750  40.0 x 21.5 x 23.5 23 ECT.,9.48
009/020,DIVISION RON SAN CARLOS 12/750,4.15
009/021,CAJA FESTIVAL 24/375 ML 50.5 x 34.0 X 16.0 23 ECT,14.17
009/022,DIVISIONES FESTIVAL 24/375.,6.75
009/025,CAJA BOTELLA MINIATURA 40.5 x 24.0 x 24.0 23 ECT,10.29
009/026,DIVISIONES  BOTELLA MINIATURA.,16.81
009/027,CAJA TARRO PIMIENTO 7 oz.  30.0 x 22.0 X 17.0 23 ECT.,6.75
009/028,DIVISIONES TARRO PIMIENTO 7 oz.,3.39
009/029,CAJA REDONDA INDUSTRIAL 1000 40.0 x 28.0 x 27.0 23 ECT.,11.63
009/030,DIVISIONES  RED. INDUSTRIAL 1000,5.07
009/031,CAJA TARRO HEXAGONAL 12 PZAS. 29.0 x 24.5 x 10.5  23 ECT,6.27
009/032,DIVISIONES TARRO HEXAGONAL 12 PZAS.,4.1
009/040,CAJA BOTELLA 3 LTS. 4 PZAS. 25.0 x 25.0 x 48.0  23 ECT,11.9
009/041,DIVISIONES BOTELLA 3 LTS. 4 PZAS,2.86
009/042,CAJA HERENCIA 24/375 ML. 39.2 x 26.2 x 25.3  23 ECT,10.95
009/043,DIVISIONES HERENCIA 24/375 ML.,6.01
009/046,DIVISION HUITZILA,5.52
009/047,CAJA BORGO—ERA 36.0 x 24.0 x 20.3 23 ECT.,9.49
009/048,DIVISION BORGO—ERA,5.4
009/049,CAJA ANFORA 200 ML. 32.5 x 23.5 x 18.8 23 ECT.,8.16
009/050,DIVISION ANFORA 200 ML.,9.45
009/051,CAJA BRANDY 960 ML. 40.0 x 28.0 x 27.0 23 ECT.,11.63
009/052,DIVISION BRANDY 960.,5.07
009/053,DIVISION TR 12/500 ML,6.94
009/054,CAJA TR 12/500 ML 27.2 x 20.2 x 29.3 23 ECT,8.33
009/055,CAJA TR 24/250 ML 33.5 x 22.0 x 23.5 23 ECT.,9.28
009/056,DIVISION TR 24/250 ML.,5.64
009/057,CAJA THOR 12/500 ML. 28.0 x 21.0 x 26.5  23 ECT,7.2
009/058,DIVISION  THOR 12/500,3.78
009/059,CAJA VERSATIL 12/1000 34.0 x 25.4 x 35.5 23 ECT.,11.72
009/060,DIVISION VERSATIL 12/1000,5.91
009/061,CAJA CAMINANTE 12/750 32.0 x 24. x 27.0 23 ECT,9.79
009/062,DIVISION CAMINANTE,8.38
009/063,CAJA ICE WINE 24.5 x 18.5 x 35.5 23 ECT,8.04
009/064,DIVISION ICE WINE 12/500 ML.,1
009/065,CAJA RED. IND. 500 ML P/15 PZAS. 38.5 x 22.7 x 20.0  23 ECT.,8.54
009/066,DIVISION RED. IND. 500 ML P/15 PZAS.,4.39
009/067,CAJA HERENCIA 6/1.750 36.0 x 25.0 x 35.0 23 ECT,11.52
009/068,DIVISIONES HERENCIA 6/1.750 S/G,3.87
009/069,CAJA BRANDY 1000 ml ROSCA 37.0 X 27.0 X 29.0 23 ECT,10.06
009/070,DIVISIONES BRANDY 1000 ml ROSCA S/G,1
009/071,DIVISION MIXTECA 6 PZAS.,1
009/072,CAJA JJ2 KARAT 34.0 x 25.0 x 30.8 23 ECT,9.61
009/073,DIVISION JJ2 KARAT,4.58
009/074,CAJA BORDALESA 12/750 32.0 x 24.0 x 35.5 23 ECT,9.68
009/075,DIVISION BORDALESA  12/750,5.12
009/076,CAJA VINERA VERDE CRISTA 32.0 X 24.0 x 30.5 23 ECT,10.87
009/077,DIVISION VINERA VERDE CRISTA,4.99
009/078,CAJA FESTIVAL 12/750  43.0 X 32.5 X 22.0 23 ECT.,13.9
009/079,DIVISION FESTIVAL 12/750 EN S/G.,5.02
009/080,CAJA THOR 24/250 ML,10.16
009/081,DIVISION THOR 24/250 ML,6.35
009/082,CAJA GOURMET 48/125 ML ,9.89
009/083,DIVISION GOURMET 48/125 ML,7.02
009/084,SEPARADOR GOURMET 48/125 ML,0.72
009/085,CAJA BRANDY 950,9.62
009/086,DIVISION BRANDY 960 ML ESPECIAL,3.99
009/087,CAJA KARAT PAVISA,9.61
009/088,DIVISION KARAT PAVISA,4.58
009/089,CAJA MULTIUSOS 750 ML,9.41
009/090,DIVISION MULTIUSOS 750 ML.,5.05
009/091,CAJA TARRO 460 ML 12 PZAS,5.93
009/092,DIVISION TARRO 460 ML 12 PZAS S/G,2.57
009/093,CAJA RON SAN CARLOS 2,1
009/094,DIVISION RON SAN CARLOS 2 S/G,4.39
009/095,CAJA BOSTONIANA 12/500 ML,8.59
009/096,DIVISION BOSTONIANA 12 /500 ML S/G.,3.67
009/097,CAJA INSURGENTE 6/750 ML,6.57
009/098,JUEGO DE DIVISION INSURGENTE 6/750 ML,4.22
009/099,JUEGO DE DIVISION REDONDA INDUSTRIAL 960,4.36
009/100,CAJA TARRO JAR 12 PZAS,6.83
009/101,JUEGO DE DIVISION TARRO JAR 12 PZAS,2.26
009/102,CAJA TARRO SNACKER,6.8
009/103,JUEGO DE DIVISION TARRO SNACKER,1
009/104,CAJA TARRO OCTAGONAL  24 PZAS,10.14
009/105,JUEGO DE DIVISION TARRO OCTAGONAL,4.53
009/106,CAJA BOTELLA IMPERIAL 6/750 ML,5.59
009/107,CAJA BOSTONIANA 24/10 OZ,8.5
009/108,JUEGO DE DIVISION BOSTONIANA 24/10 OZ.,5.4
009/109,CAJA BOTELLA OCAMPO 6/750 ML,5.85
009/110,JUEGO DE  DIVISION BOTELLA OCAMPO 6/750 ML,1.94
009/111,CAJA SALSA HABANERA 24/150 ML,5.9
009/112,JUEGO DE DIVISION  SALSA HABANERA 24/150 ML,2.2
009/113,CAJA TARRO PIMIENTA 4 OZ /12 PZAS,5.65
009/114,CAJA KARAT 6 BOT/1 LTO,6.03
009/115,JUEGO DE DIVISION KARAT 6 BOT/1 LTO,2.15
009/116,JUEGO DE DIVISION TARRO 12/940 ML,4.62
009/117,CAJA VERSATIL-SUNNY 12/1000,10.2
009/118,JUEGO DE DIVISION VERSATIL-SUNNY 12/1000,5.76
009/119,CAJA 2 BOLSAS TAPAS,37.29
010/001,CAJA 12/1000 VIDRIO IMPRESION HYCEL DOS TINTAS D/C  40.0 x 30.0 x 32.0,27.51
010/002,CAJA SICAR CHICA 30.0 x 22.0 x 26.0 23 ECT CON IMPRESION,11.63
010/003,CAJA SICAR MEDIANA 46.0 x 42.0 x 34.0  23 ECT CON IMPRESION,27.32
010/004,CAJA SICAR GRANDE 49.0 x 48.0 x 56.0 23 ECT CON IMPRESION,39.56
010/005,CAJA TE ESPECIAL 39.5 x 25.0 x 19.5 S/I 22 ECT,10.25
010/006,CAJA MALLA CHICA 31.5 X 31.0 x 11.0 IMPRESION JACOF,11.58
010/007,CAJA No 145 D/C 145.0 x 56.8 X 20.0,83.13
010/008,CAJA No 1 REFACCIONES 25.0 x 16.0 x 9.5,4.68
010/009,CAJA No. 2 REFACCIONES 29.5 x 21.0 x 20.0,8.51
010/010,CAJA 19 H 39.5 x 25.0 x 19.5 RRQ,9.53
010/011,CAJA M-02 31.0 x 31.0 x 33.3,14.59
010/012,CAJA M-09 28.0 x 28.0 x 21.0,9.06
010/013,DIVISION CORTA CAMARA DE AIRE 20/250 ML. 16.0 x 32.0,0.83
010/014,DIVISION LARGA CAMARA DE AIRE 20/250 ML.,1.07
010/015,SEPARADOR 100.0 x 120.0,18.79
010/016,CAJA 60.0 x 45.0 x 31.0  23 ECT,26.86
010/017,CAJA HUEVERA CON IMPRESION HYCEL D/C 60.0 x 30.0 x 33.0,33.28
010/018,CAJA D/C 38.0 x 28.0 x 25.0,21.1
010/019,ROLLO FLEJE,1
010/020,CAJA 28  28.0 x 28.0 x 21.0,7.57
010/021,CAJA K-18 25.5 x 25.5 x 46.0  23 ECT,13.61
010/022,BANDA BLANCA 24.0 x 150.0,5.56
010/023,SEPARADOR 36.0 x 69.0,3.88
010/024,CAJA No. 3 60.0 x 33.0 x 21.0,18.39
010/025,CAJA JACOF 52.0 x 42.0 x 17.0 SIN IMPRESION,23.95
010/027,CAJA LAVABO CERAMICO 52.0 x 37.5 x 12.5   32  ECT C/IMPRESION JACOF,22.09
010/028,CAJA LAVABO CARACOL/CUNA 63.5 x 42.0 x 15.5  32 ECT  IMPRESION JACOF,29.35
010/029,CAJA CHIQUITA M-12 15.0 x 11.0 x 9.0 CON DIVISIONES,3.51
010/030,CAJA AROMATIZANTE 15.0 x 11.0 x 13.0 CON DIVISIONES 12 BOTELLAS,4.28
010/031,CAJA AROMATIZANTE 18.5 x 13.5 x 16.5 CON DIVISIONES 12 BOTELLAS,6.23
010/032,CAJA PARA TE 17.8 x 14.3 x 14.0  22 ECT,3.6
010/033,CAJA PAPRIKA  12.5 x 10.5 x 9.0  22 ECT,2.59
010/034,CAJA M-21 28.0 x 28.0 x 13.0   22 ECT,8.73
010/035,SEPARADOR 69.0 x 45.5  22 ECT,4.73
010/036,MAQUILA CAJA MASTER 54.0 x 43.0 x 60.0,3.71
010/037,CAJA 9 PARES STEVE MADDEN 61.0 x 34.5 x 31.0,21.96
010/038,CAJA P/6 PARES SORINA -R  38.5 x 31.0 x 30.5  22 ECT. INCLUYE DIVISIONES,20.9
010/039,CAJA P/9 PARES SORINA-R  58.5 x 31.0 x 30.5  22 ECT. INCLUYE DIVISIONES,28.83
010/041,CAJA 12 PARES ESTEVE MADDEN 69.0 x 40.0 x 30.8  22 ECT,27.29
010/042,CAJA FW 50.0 X 50.0 X 30.0 23 ECT. CON IMPRESION.,24.61
010/043,CAJA MCT-01 24.0 X 15.6 X 17.5  23 ECT.,4.94
010/044,CAJA NOW EXTREME 21.2 X 14.3 X 12.3  23 ECT.,3.62
010/045,CAJA NOW SUPER ENSYMES 18.5 X 12.5 X 11.3  23 ECT.,3.01
010/046,CAJA NOW 5-HTP 15.8 x 10.5 x 10.8  23 ECT.,2.44
010/047,CAJA SICAR MEDIANA D/C,37.61
010/048,CAJA SICAR GRANDE D/C,55.21
010/049,CAJA SICAR MODIFICADA 49.0 x 48.0 x 38.0 42 ECT.,45.4
010/050,CAJA LASER,9.99
010/051,SEPARADOR 36.0,3.65
010/052,SEPARADOR 45.5,4.61
010/053,SEPARADOR 41.0,2.48
010/054,CAJA 24,4.32
010/055,CAJA 24/21,6.17
010/056,CAJA 24/21/22,8.19
010/057,CAJA 34/14,4.18
010/058,CAJA  240,5.81
010/059,CAJA 21/14/12,3.93
010/060,CAJA PERFUME 1,2.49
010/061,CAJA PERFUME 2,1.62
010/062,CAJA PERFUME 3,2.64
010/063,CAJA PERFUME 4,3.44
010/064,CAJA PERFUME 5,4.38
010/065,CAJA RIBETECK,13.54
010/066,CAJA MDF,18.14
010/067,CAJA F-107,64.9
011/001,CAJA QUIOCO CHICA 30.0 x 26.0 x 13.0  42 ECT D/C. IMPRESION 1 TINTA,13.93
011/002,CAJA QUIOCO MEDIANA 30.0 x 26.0 x 27.0  42 ECT D/C. IMPRESION 1 TINTA,17.2
012/001,CAJA PARA EDREDON,1
013/001,"CAJA CF-012 SIN IMPRESI”N, INCLUYE 3 SEPARADORES 8 DIVISIONES",55.53
013/002,"CAJA CF-012 CON IMPRESI”N, INCLUYE 3 SEPARADORES 8 DIVISIONES",58.65
013/003,"CAJA CF-014, 60.7 X 60.7 X 60.2 36 ECT. SIN IMPRESION INCLUYE 1 SEPARADOR 4 DIVISIONES",79.54
013/004,"CAJA CF-014, 60.7 X 60.7 X 60.2 36 ECT CON IMPRESION INCLUYE 1 SEPARADOR 4 DIVISIONES",82.84
013/005,"CAJA CF-016, SIN IMPRESION INCLUYE 1 SEPARADOR 4 DIVISIONES",55.5
013/006,"CAJA CF-016, CON IMPRESION INCLUYE 1 SEPARADOR 4 DIVISIONES",52.33
013/007,"CAJA CF-027, 35.9 X 35.9 X 35.9 32 ECT SIN IMPRESION",20.98
013/008,"CAJA CF-027, 35.9 X 35.9 X 35.9 32 ECT CON IMPRESION",20.92
013/009,"CAJA CF-028, SIN IMPRESION",3.83
013/010,"CAJA CF-029, SIN IMPRESION",38.32
013/011,"CAJA CF-030, SIN IMPRESION",6.74
013/012,"CAJA CF-031, SIN IMPRESION",36.99
013/013,"CAJA CF-032, 61.0 X 30.7 X 49.0 32 ECT SIN IMPRESION INCLUYE 2 SEPARADORES 3 DIVISIONES LARGAS 9 DIVISIONES CORTAS",45.11
013/014,CAJA CF-032,46.89
013/015,"CAJA CF-033, 61.0 X 40.5 X 43.6 32 ECT SIN IMPRESION INCLUYE 1 SEPARADOR 2 DIVISIONES LARGAS 4 DIVISIONES CORTAS",46.03
013/016,CAJA CF-033,48.09
013/017,"CAJA CF-035, SIN IMPRESION",9.42
013/018,"CAJA CF-037, 50.5 X 50.5 X 51.6 32 ECT SIN IMPRESION INCLUYE 1 SEPARADOR 4 DIVISIONES",56.56
013/019,CAJA CF-037,59.86
013/020,"CAJA CF-039 SIN IMPRESI”N,",13.63
013/021,"CAJA CF-040 SIN IMPRESI”N,",46.94
013/022,"CAJA CF-041, 52.0 X 39.0 X 26.1 32 ECT SIN IMPRESION INCLUYE 1 SEPARADOR 4 DIVISIONES LARGA 6 DIVISIONES CORTAS",36.52
013/023,CAJA CF-041,38.59
013/024,"CAJA CF-042, SIN IMPRESI”N, INCLUYE 2 SEPARADORES 3 DIVISIONES LARGAS 9 DIVISIONES CORTAS",56.46
013/025,"CAJA CF-042 CON IMPRESI”N, INCLUYE 2 SEPARADORES 3 DIVISIONES LARGAS 9 DIVISIONES CORTAS",58.52
013/026,"CAJA CF-046, 56.5 X 37.0 X 47.0 32 ECT SIN IMPRESION INCLUYE 4 SEPADORES 3 DIVISIONES LARGAS 10 DIVISIONES CORTAS",50.98
013/027,"CAJA CF-046, 56.5 X 37.0 X 47.0 32 ECT CON IMPRESION INCLUYE 4 SEPADORES 3 DIVISIONES LARGA 10 DIVISIONES CORTAS",53.09
015/001,CAJA BRUSCO MEZCAL 31.9 x 23.8 x 17.2  26 ECT,1
015/002,DIVISION UNICA T1-T2  27.6 x 9.2   23 ECT,0
015/003,DIVISION UNICA ME-20  34.5 x 54.0  26 ECT,0
015/004,CAJA EXTRACTOR 32.0 x 32.0 x 40.0  51 ECT D/C,0
015/005,"CAJA 12/500 BOTELLA PLANA, 31.6 x 25.5 x 21.0 23 ECT SIN IMPRESION CON JUEGO DE DIVISIONES",9.98
015/006,CAJA MASTER ACEITE M-4 30.8 x 23.6 x 25.0  23 ECT,0
015/007,CAJA COLECTIVA ACEITE 12 PIEZAS,0
015/008,CAJA MASTER BALSAMO M-4,0
015/009,CAJA COLECTIVA BALSAMO 12 PZAS. 16.4 x 16.4 x 16.0  23 ECT,0
015/010,CAJA MASTER LOCION M-4  36.0 x 27.2 x 33.8  23 ECT.,0
015/011,CAJA COLECTIVA LOCION 12 PZAS. 16.8 x 12.6 x 15.5  23 ECT,0
015/012,CAJA MUCHA LIGA 24 PIEZAS 34.1 x 29.3 x 10.3  23 ECT,0
015/013,CAJA PARA CADENA 25.0 x 25.0 x 25.0  23 ECT. C/S,6.75
015/014,CAJA PARA CADENA 25.0 x 25.0 x 25.0  42 ECT. D/C,10.85
015/015,CAJA EXTRACTOR 32.0 x 32.0 x 40.0 51 ECT D/C,27
015/016,CAJA REDONDA 250 ML. X 12 BOTELLAS 24.7 x 18.2 x 16.6  26 ECT,4.94
015/017,DIVISION REDONDA 250 ML. X 12 BOTELLAS 23 ECT.,2.35
015/018,CAJA PLANA 250 ML. X 12 BOTELLAS  24.7 x 18.2 x 18.8  26 ECT,4.76
015/019,DIVISION PLANA 250 ML. X 12 BOTELLAS 23 ECT,2.53
015/020,CAJA PLANA 500 ML. X 12 BOTELLAS  31.6 x 25.5 x 21.0  26 ECT,7.79
015/021,DIVISION PLANA 500 ML. X 12 BOTELLAS  23 ECT,3.76
015/022,CAJA PARA CADENA 30.0 x 30.0 x 30.0  23 ECT. C/S,9.74
015/023,CAJA TRAZATEC 33.0 x 25.0 x 22.0 32 ECT C/S,10.27
015/024,CAJA G-3 49.0 x 19.0 x 21.0 42 ECT D/C,13.85
015/025,CAJA M-9 19.5 x 19.5 x 20.0 26 ECT C/S,5.57
015/026,CAJA G-1 18.5 x 16.0 x 21.0 26 ECT C/S,4.32
015/027,CAJA M-6 19.0 x 13.0 x 19.5 26 ECT C/S,4.1
015/028,CAJA G-6 48.0 x 36.0 x 21.5 42 ECT D/C,20.97
015/029,CAJA EDULCORANTE 24/45 SOBRES 405 x 30.5 x 13.4  23 ECT C/S,8.24
015/030,JUEGO DE DIVISIONES JUAN LOCO 6/750 ML. 23 ECT C/S,1.72
015/031,CAJA OCULUS 156 FRASCOS 72.50 x 40.8 x 39.5   23 ECT C/S,23.47
015/032,CAJA CHICA 30 30.0 x 20.0 x 13.5  23 ECT,5.12
015/033,CAJA GRANDE 40 40.0 x 30.0 x 30.0  23 ECT,13.11
015/034,CAJA SUAJADA 50.0 x 50.0 23 ECT,3.87
015/035,CAJA M-12  26.5 x 21.5 x 20.5  26 ECT,7.2
015/036,CAJA M-15  32.0 x 21.0 x 20.0  26 ECT,7.67
015/037,CAJA INDIVIDUAL MARGARITA 12.5 x 12.5 X 20.0 21 ECT,2.52
015/038,CAJA MASTER 6 PZ MARGARITA 40.8 x 27.2 x 22.0  21 ECT,9.44
015/039,CAJA CHARLES ACEITE 12 PZ. 13.9 x 10.7 x 10.4 21 ECT K S/I,1.86
015/040,DIVISION LARGA CHARLES ACEITE 12 PZ. 13.7 z 10.4 21 ECT K,0.35
015/041,DIVISION CORTA CHARLES ACEITE 12 PZ. 10.5 x 10.4 21 ECT K,0.39
015/042,CAJA CHARLES 2 Oz. 17.7 X 11.9 X 10.5 21 ECT K S/I,2.14
015/043,SEPARADOR CHARLES 2 OZ. 17.2 x 11.5 21 ECT K,0.25
015/044,CAJA CHARLES AFTER 100 12PZ. 19.0 x 14.5 X 11.7 21 ECT K S/I,2.9
015/045,DIVISION LARGA CHARLES AFTER 100 12 PZ 18.8 x 11.7 21 ECT K,0.59
015/046,DIVISION CORTA CHARLES AFTER 100 12 PZ 14.3 x 11.7 x 21 ECT K,0.52
015/047,CAJA CHARLES JABON 27.0 x 18.0 x 9.7 21 ECT K S/I,3.86
015/048,SEPARADOR CHARLES JABON 26.5 X 17.5 21 ECT K,0.65
015/049,CAJA CHARLES 4 OZ. 22.7 x 14.8 X 13.0  21 ECT K S/I,2.64
015/050,SEPARADOR CHARLES 4 OZ. 22.2 x 14.3 21 ECT K,0.36
015/051,CAJA CHARLES KIT 40.0 x 22.5 X 15.2  21 ECT K S/I,6.73
015/052,CAJA CHARLES MASTER 2 OZ. 37.5 x 25.5 x 49.0  21 ECT K S/I,13.14
015/053,CAJA CHARLES MASTER 4 OZ. 45.7 x 31.2 X 58.0  21 ECT K S/I,19.01
015/054,CAJA CHARLEES GEL 25.0 X 20.0 X 21.5  21 ECT K S/I,5.4
015/055,CAJA CHARLES SHAMPOO 25.0 x 20.0 X 21.0  21 ECT K S/I,5.33
015/056,CAJA PERFUME 1 17.0 x 15.0 X 17.0 22 ECT,3.36
015/057,CAJA PERFUME 2 14.0 X 14.0 X 25.0 22 ECT,3.75
015/058,CAJA 4 G/A 30.0 x 30.0 x 30.0  26 ECT,11.2
016/001,LAMINA 63.9 x 127.0  40 ECT KRAFT,17.27
017/001,CAJA JARRA BOLA 64 OZ. INNER-1 16.0 x 15.5 x 18.5 26 ECT,4.87
017/002,CAJA JARRA BOLA 64 OZ. MASTER-8 33.5 X 33.0 X 41.0  32 ECT,26.38
017/003,CAJA JARRA BOLA CRISTAL INNER-1 19.0 x 18.8 x 22.0  26 ECT,6.7
017/004,CAJA JARRA BOLA CRISTAL M-8  39.8 x 39.5 x 47.5,35.24
017/005,CAJA VASO ROCA INNER-6 34.0 x 24.5 x 10.5 23 ECT. INCLUYE DIVISIONES CON CELDAS DE PROTECCION.,9.48
017/006,CAJA VASO ROCA MASTER-8 71.0 x 51.5 x 24.0 32 ECT. AMERCIANO,45.87
017/007,CAJA VASO CONICO AGUA INNER-6 31.0 x 22.0 x 14.5 23 ECT. INCLUYE DIVISIONES CON CELDAS DE PROTECCION.,11.66
017/008,CAJA VASO CONICO AGUA MASTER-8 63.5 X 46.5 X 33.0  32 ECT AMERICANO,40.23
017/009,CAJA COPA MARGARITA INNER 4  34.6 X 34.4 X 18.0 23 ECT. CON DIVISIONES,23.01
017/010,CAJA COPA MARGARITA M-2 (8 PZAS)  71.5 X 36.0 X 20.0  32 ECT. LINER AMERICANO  IMPRESION NEGRA.,36.8
017/011,CAJA COPA MARGARITA M-4 (2X8 PZAS) 82.5 X 36.0 X 20.0 32 ECT AMERICANO IMPRESION 1 TINTA.,36.8
017/012,CAJA MARGARITA INNER 2,8.71
017/013,CAJA BOTELLA GRANDE AGUAMARINA M-6,21.37
017/014,CAJA BOTELLA CHICA AGUAMARINA M-6,14.32
018/001,CAJA PARA 5 LTS. 33.0 x 33.0 x 31.5  23 ECT,12.89
019/001,CAJA PLANTRONICS2  38.0 x 38.0 x 43.0 CON IMPRESION C/S KRAFT 32 ECT,21.67
019/002,CAJA FERRERO T-24 59.0 x 50.0 x 39.0  C/S  KRAFT 26 ECT,29.89
019/003,CAJA HP EASY TO BUY 28.2 x 13.5 x 22.7 23 ECT.,5.26
019/004,SEPARADOR EASY TO BUY,0.34
019/006,CAJA NUEVA SKF 60.0 x 50.0 x 37.0  26 ECT,30.54
019/007,CAJA ROLES 61.5 x 56.5 x 50.0 CON IMPRESION 1 TINTA C/S KRAFT 26 ECT.,37.41
019/008,CAJA ESPECIAL MARINELA 61.5 x 44.5 x 57.1 C/S KRAFT 26 ECT,32.3
019/009,CAJA PLANTRONICS GENERICA 52.8 x 44.0 x 60.0  C/S KRAFT  26 ECT,32.6
019/010,CAJA FERRERO GENERICA 59.0 x 50.0 x 50.9  C/S KRAFT 26 ECT,35.41
019/011,CAJA 24 PARES 49.5 x 36.5 x 55.5 23 ECT.,27.76
019/012,CAJA PENINSULA 45.0 x 38.0 x 44.0 26 ECT.,23.19
019/013,CAJA ANTOJOS 43.0 x 43.0 x 58.0 26 ECT.,28.13
019/014,CINTA MASKING T-110 48.0 x 50.0 TUK,49.8
019/015,ESQUINERO R√çGIDO 2 x 2 x 1.78,11.61
019/016,CINTA TRANSPARENTE TUK 72.0 X 150.0.,65.5
019/017,PELICULA STRECH 18 50 x 900.,117.5
019/018,CAJA HP-3,9.22
019/019,CINTA TRANSPARENTE TUK 48/150.,36.85
021/001,CAJA DICER-1 32.0 X 18.0 X 8.0  32 ECT AMERICANO SIN IMPRESION.,5.82
022/001,CAJA PARA BOTELLA SALSA,5.88
023/001,CAJA CHICA 24.0 x 24.0 x 19.0  42 ECT  IMPRESION 1 TINTA.,14.9
023/002,CAJA EXTRA GRANDE 70.0 X 46.0 x 50.0,66.74
023/003,CAJA MEDIANA 47.0 x 36.0 x 20.0,33.22
023/004,CAJA GRANDE 65.0 x 43.0 x 45.0,64.36
023/005,CAJA MINI 27.0 x 13.0 x 13.0 42 ECT,11.6
024/001,CAJA 5 BOTAS CHICA,19.49
024/002,CAJA 5 BOTAS GRANDE,23.43
025/001,CAJA VIDRIO 355 ML,11.19
025/002,CAJA ALGAS,9.99
025/003,CAJA FIDEO CHINO,22.01
025/004,CAJA 300 ML,6.55
025/005,CAJA CREMA 12 PZAS,5.17
025/006,CAJA THOR 12 BOTELLAS,13.62
025/007,CAJA BRANDY 950,17.29
025/008,CAJA BRANDY 940 ML,17.64
025/009,JUEGO DE DIVISION MARTINI 24/355 ML.,6.03
025/010,CAJA KARAT,17.64
025/011,CAJA BRANDY GUALA 1000 12 BOT,19.06
025/012,CAJA SALSA ORIENTAL 24 PZAS 420 GR,17.57
026/001,CAJA  COPA VERONA M-6,35.7
026/002,CAJA  COPA TURIN M-6,42.43
026/003,CAJA MASTER 2,21.22
026/004,CAJA ENVIOS CARAFE,7.6
026/005,CAJA JARRITA 1 PZA,4.49
026/006,CAJA PASTELERA 1 PZA 34 x 19.0 x 35.0,11.2
026/007,CAJA COPA TOLEDO M-6,42.97
027/001,CAJA SELLADOR DE GRIETAS 30.0 x 28.5 x 20.5 48 ECT. IMPRESION 1 TINTA,17.65
027/002,CAJA SELLADOR PARA GRIETAS 30.0 x 28.5 x 20.5,19.06
028/001,CAJA TEA-LIGHT 8 PIEZAS,1.44
028/002,CAJA VOTIVE FRAGANT HOME 24 PIEZAS,4.07
029/001,CHAROLA 11 x 20,26.54
030/001,CAJA BOTANAS,19.76
031/001,DIVISION AHA TORO,2.18
031/002,DIVISION CREMA DE TEQUILA 6/750 ML.,2.19
031/003,CAJA CREMA DE TEQUILA AHA TORO 34.0 x 18.5 x 23.0 32 ECT BLANCO C/IMPRESION 1 TINTA,11.76
031/004,CAJA TEQUILA DIVA AHA TORO 34.0 x 18.5 x 23.0  32 ECT. BLANCO C/IMPRESION 1 TINTA,11.76
031/005,CAJA TEQUILA BLANCO AHA TORO 34.0 x 18.5 x 23.0 32 ECT. BLANCO C/IMPRESION 1 TINTA,11.76
031/006,CAJA TEQUILA EXTRA A—EJO AHA TORO 34.0 x 20.5 x 23.6 32 ECT. BLANCO C/IMPRESION 1 TINTA,12.36
031/007,CAJA TEQUILA AHA TORO REPOSADO 34.0 x 18.5 x 23.0 32 ECT. BLANCO IMPRESION 2 TINTAS,11.76
031/008,CAJA TEQUILA AHA TORO A—EJO 34.0 x 18.5 x 23.0  32 ECT. BLANCO IMPRESION 2 TINTAS.,11.76
031/009,CAJA CHILE CALIENTE 32.0 x 20.8 x 34.5 32 ECT. BLANCO IMPRESION 2 TINTAS. INCLUYE DIVISIONES.,18.59
031/010,CAJA TEQUILA LOCUAZ A—EJO 750 ML  38.0 x 29.0 x 29.0 32 ECT. IMPRESION 1 TINTA.,18.62
031/011,CAJA TEQUILA LOCUAZ BLANCO 750 ML. 38.0 x 29.0 x 29.0 32 ECT. IMPRESION 1 TINTA,18.62
031/012,CAJA TEQUILA LOCUAZ REPOSADO 750 ML. 38.0 x 29.0 x 29.0  32 ECT. IMPRESION 1 TINTA,18.62
031/013,DIVISIONES TEQUILA LOCUAZ,1
031/014,CAJA TEQUILA BLANCO AHA YETO 34.0 x 18.5 x 23.0  32 ECT. CON IMPRESION,11.76
031/015,CAJA TEQUILA A—EJO AHA YETO 34.0 x 18.5 x 23.0  32 ECT. CON IMPRESION,11.76
031/016,CAJA TEQUILA DIVA AHA YETO 34.0 x 18.5 x 23.0  32 ECT. CON IMPRESION 2 TINTAS.,11.76
031/017,CAJA TEQUILA CHILE CALIENTE A—EJO  32.0 x 20.8 x 34.5  32 ECT BLANCO  INCLUYE DIVISIONES,18.59
031/018,CAJA TEQUILA CHILE CALIENTE REPOSADO  32.0 x 20.8 x 34.5  32 ECT BLANCO  INCLUYE DIVISIONES,18.59
031/019,CAJA TEQUILA REPOSADO AHA YETO,11.76
031/020,CAJA AHA YETO REPOSADO 60 BOT/50 ML,18.7
032/001,CAJA No 1 68.0 x 39.0 x 45.0 D/C,43.1
032/002,CAJA No 2 68.0 x 39.0 x 25.0 D/C,38.3
032/003,CAJA No 3 40.0 x 35.0 x 28.0 D/C,27.09
033/001,CAJA VASIJA GRANDE M-1,66.52
033/002,CAJA 20X20X20,69.42
033/003,CAJA 20X20X16,62.67
033/004,CAJA 20X20X16-1,62.67
034/001,CAJA PARA ESPECIAS 26.7 x 15.0 x 22.9,5.84
034/002,CAJA TARRO CUADRADO 500 ML. 28.1 x 21.0 x 14.0,6.19
034/003,CAJA AZAFRAN,2.79
034/004,CAJA PARA CHILE 20.0 x18.0 x 18.0  23 ECT. IMPRESION 1 TINTA.,5.62
034/005,CAJA PARA CHILE MOLIDO PAOLA 37.0 x 29.0 x 19.0,12.44
035/001,LAMINA 120.0 x 2.10 23 ECT C/S,20.49
035/002,LAMINA  PARA CORTINEROS CON SCORES  90.0 x 225.0 23 ECT.,23.71
036/001,CAJA AZULEJO,6.22
037/001,CAJA 12 PET 1 LTO. ALTA 36.0 x 27.0 x 30.0,16.31
037/002,CAJA COOLER 12 BOTELLAS 330 ML  26.3 X 19.6 X 21.0  23 ECT. INCLUYE DIVISIONES EN S/G.,11.62
037/003,CAJA AMAZON PARA 6 BOTELLAS  20.0 x 13.5 x 22.0 23 ECT. INCLUYE DIVISIONES.,6.11
038/001,CAJA GMEX 653-1 50.0 x 50.0 x 50.0  23 ECT.,44.21
038/002,CAJA GMEX 653-3 30.0 x 30.0 x 30.0 23 ECT.,19.06
038/003,CAJA GMEX 653-4  33.5 x 16.7 x 30.2 23 ECT.,635
038/004,CAJA GMEX 653-5  40.0 x 40.0 x 40.0 23 ECT.,32.02
038/005,CAJA GMEX 653-6 39.7 x 29.2 x 30.2 23 ECT.,20.67
038/006,CAJA GMEX 653-7 20.0 x 20.0 x 20.0 23 ECT.,9.62
038/007,CAJA MEXIKANDELA  24.3 x 21.8 x 30.0 26 ECT. CON IMPRESION 1 TINTA,10.88
038/008,CAJA ROVA SPORTS 60.0 x 40.0 x 40.0  42 ECT. D/C. IMPRESION 2 TINTAS,44.42
038/009,CAJA COLECTIVA YOLIS CON IMPRESION,16.88
038/010,CAJA CHILIPINO 8 BOT. 350 ML CON AZUCAR  23.5 x 11.8 x 20.8 23 ECT,5.29
038/011,CAJA CHILIPINO 8 BOT. 350 ML SIN AZUCAR 24.5 x 12.5 x 18.8 23 ECT.,5.29
038/012,CAJA COLECTIVA PARA BOTELLAS 24 PZAS 33.0 x 22.0 x 10.0,11.42
038/013,CAJA 16.5 x 11.5 x 22.5  23 ECT. SIN IMPRESION.,4.89
038/014,CAJA COLECTIVA PARA BOTELLAS 24 PZAS  41.5 x 27.5 x 15.8  23 ECT. INCLUYE INSERTOS EN S/G.,19.73
038/015,CAJA PARA CHILE SECO 43.0 x 33.0 x 35.0  32 ECT. AMERICANO.,22.18
038/016,CAJA PARA TOSTADAS Y TOTOPOS,29.24
038/017,CAJA ROVA SPORT 2,40.32
038/018,CAJA 30 BOTELLAS AGUA 355 ML,10.71
038/019,CAJA GRANDE ROVA SPORT 26 ECT. SUAJADA,16.91
038/020,CAJA 30 BOTELLAS AQUA DE YUN,9.2
038/021,CAJA MAZAPAN GUNA,15.11
038/022,CAJA EL SABINO 38.5 x 21.5 x 46.0  26 ECT.,17.16
038/023,CAJA ROVA SPORTS 68,10.35
038/024,ESQUINERO SUAJADO PARA MUEBLE,1.18
038/025,CAJA VITA DEYUN,9.47
038/026,CAJA CDC WIRE CAJA MEDIANA,7.65
038/027,CAJA NEUTRA CLEMENTINA,8.99
038/028,CAJA 12 TARROS (CLEMENTINA),1
038/029,CAJA LIF 24 B,11.97
038/030,DIVISIONES PARA CAJA TOSTADAS Y TOTOPOS,5.65
038/031,CAJA GELATINAS GUNA,7.7
038/032,CAJA PARA SHAMPOO 12 BOTELLAS,21.83
038/033,CAJA PARA ATOMIZADOR 12 BOTELLAS,30.64
038/034,CAJA TOTOFAST 6 PIEZAS,1
038/036,CAJA TOTOFAST 6 PZAS PRUEBA PILOTO,13.95
038/037,CAJA GUNA 275,1
038/038,CAJA GUNA 157,1
038/039,CAJA PARA 50 TRAPEADORES,98.78
038/040,CAJA PARA MINI DISPLAYS DE 10 PIEZAS,3.2
038/041,CAJA PARA MINI DISPLAYS DE 8 TUBOS,8.26
038/042,CAJA SHAMPOO SOLEQ 12 BOT/500 ML.,12.74
038/043,CAJA YALE ITEM 263006840,25.34
038/044,CAJA MEZCAL 6 BOTELLAS,21.82
038/045,CAJA YALE ITEM 252006040,18.87
038/046,LAMINA 40.0 X 48.0 PULGADAS,12.01
038/047,CAJA GUNA OREJITAS,13.24
038/048,CAJA TEQUILA GRAND MAYAN,40.37
038/049,CAJA 5 ESTUCHES CHIVABONO,13.18
038/050,CAJA 10 ESTUCHES CHIVABONO,20.9
038/051,CAJA  GARRAFA 5 LTS,18.56
038/052,CAJA SUPLEMENTO HIDRA TO GO,5.31
039/001,CAJA TEQUILA FIEL CONSEJERO 6/750 ML. 28.0 x 18.5 x 25.5 26 ECT BCO. INCLUYE DIVISIONES,13.84
040/001,CAJA UTENSILIOS MEDICOS,9.09
041/001,CAJA  COLECTIVA ABLAZOR SUP. 38.2 x 34.3 x 34.3 32 ECT.,20.1
041/002,CAJA COLECTIVA FARMIRAL,22.11
041/003,CAJA COLECTIVA MANATECH 24 PZAS,24.54
041/004,CAJA DUO PACK CVYM TABLETAS,1.94
041/005,CAJA C-VYM 6 FRASCOS INNER,3.61
041/006,CAJA C-VYM 6 FRASCOS M-8,15.07
041/007,CAJA C-VYM 10 SOBRES 9 GR INNER,5.29
041/008,CAJA C-VYM 10 SOBRES 9 GR M-8,23.69
041/009,CAJA 6 FRASCOS GOMITAS INNER,5.79
041/010,CAJA 6 FRASCOS GOMITAS M-8,23.69
041/011,CAJA NATUBRON 6 PZAS INNER,5.34
041/012,CAJA NATUBRON 6 PZAS M-8,18.68
041/013,CAJA VANESIR GEL 6 PZAS INNER,6.01
041/014,CAJA VANESIR GEL 6 PZAS M-8,23.04
041/015,CAJA COLAGENER 10/500 GRS INNER,22.19
041/016,CAJA COLAGENER 10/500 GRS M-8,32.79
041/017,SEPARADOR 40.5 X 31.0 42 ECT.,2.6
041/018,CAJA COLECTIVA MES-0221,21.89
041/019,CAJA COLECTIVA C-REVITAL SIN AZUCAR,12.55
041/020,CAJA COLECTIVA C-REVITAL KIDS,7.14
041/022,CAJA COLECTIVA C-REVITAL ,12.55
041/023,CAJA COLECTIVA MES-0037,16.51
042/001,CAJA TELESCOPICA LITERA DENVER No 1 FONDO D/C  42 ECT. Y TAPA C/S 32 ECT. SIN IMPRESION,52.36
042/002,CAJA TELESCOPICA LITERA DENVER No 2 FONDO D/C  42 ECT. Y TAPA C/S 32 ECT. SIN IMPRESION,51.34
042/003,CAJA TELESCOPICA LITERA EJECUTIVA No 1 FONDO D/C  42 ECT. Y TAPA C/S 32 ECT. SIN IMPRESION,92.91
042/004,CAJA TELESCOPICA LITERA EJECUTIVA No 2 FONDO D/C  42 ECT. Y TAPA C/S 32 ECT. SIN IMPRESION,80.68
042/005,CAJA No 1 LITERA TRIPLE MATRIMONIAL 2000 x 1205 x 40 INCLUYE FONDO 42 ECT Y TAPA 32 ECT,114.23
042/006,CAJA No 2 LITERA TRIPLE MATRIMONIAL 2000 x 102.7 x 40 INCLUYE FONDO 42 ECT Y TAPA 32 ECT,103.47
042/007,CAJA No 3 LITERA TRIPLE MATRIMONIAL 1707 x 1090 x 60 INCLUYE FONDO 42 ECT Y TAPA 32 ECT,98.95
042/008,CAJA No 4 LITERA TRIPLE MATRIMONIAL 1387 x 300 x 95 INCLUYE FONDO 42 ECT Y TAPA 32 ECT,29.94
042/009,CAJA COMEDOR MONTPELLIER 161.0 x 80.5 x 8.0 FONDO 42 ECT D/C Y TAPA 32 ECT C/S SIN IMPRESION,65.01
042/010,CAJA LITERA PRAGA 195.0 x 120.5 x 7.5  CM  FONDO EN 42 ECT D/C Y TAPA EN 32 ECT  C/S  SIN IMPRESION,106.5
043/001,CAJA GAYLOR,209
045/001,CAJA VASO MIGUEL HB M-12  39.5 x 29.0 x 15.3 D/C  51 ECT INCLUYE DIVISIONES IMPRESION SELLO,28.64
045/002,CAJA VASO MIGUEL DOF M-12  38.5 x 28.5 x 10.3 D/C 51ECT. INCLUYE DIVISIONES. IMPRESION SELLO.,23.36
045/003,CAJA MIGUEL BOTTLE M-4  20.06 x 20.4 x 31.0 D/C 51 ECT. INCLUYE DIVISIONES. IMPRESION SELLO.,18.63
045/004,CAJA VASO DOF RUE M-12 35.5 x 26.5 x 10.8   51 ECT D/C. INCLUYE DIVISIONES.,18.43
045/005,CAJA VASO HB RUE M-12 31.5 x 23.5 x 15.5 51 ECT D/C. INCLUYE DIVISIONES,18.14
045/006,CAJA JARRA RUE PITCHER M-4  39.0 x 38.0 x 27.0 51 ECT D/C.,30.37
045/007,CAJA JARRA RUE PITCHER INNER-1  18.0 x 17.0 x 24.0 51 ECT D/C.,9.54
045/008,CAJA RUE COCKTAIL SPECIALITY M-12 49.0 x 36.5 x 15.2  51 ECT D/C. INCLUYE DIVISIONES.,37.1
045/009,CAJA RUE MARGARITA M-12 59.0 x 44.0 x 18.5 51 ECT D/C. INCLUYE DIVISIONES,50.66
045/010,CAJA BLUE RIM TUMBLER M-6 26.0 X 17.0 X 15.5 26 ECT C/S  INCLUYE DIVISIONES 42 ECT. IMPRESION SELLO Y SIMBOLOG√çA.,7.09
045/011,CAJA BLUE RIM MARGARITA M-4 26 ECT. INCLUYE DIVISIONES 42 ECT. IMPRESION SELLO Y SIMBOLOG√çA.,10.88
045/012,CAJA VASO DOF M-12 CONFETTI BLANCO 38.5 x 28.5 x 10.3  42 ECT D/C INCLUYE DIVISIONES E IMPRESION 1 TINTA,18.43
045/013,CAJA VASO HB M-12 CONFETTI BLANCO 39.5 x 29.0 x 15.3  42 ECT D/C. INCLUYE DIVISIONES E IMPRESION 1 TINTA.,22.59
045/014,CAJA COPA MARTINI M-4  26 ECT C/S. INCLUYE DIVISIONES 42 ECT D/C.  IMPRESION 1 TINTA,10.56
045/015,CAJA ESFERA 10 CM. M-6  31.5 x 20.6 X 10.5 26 ECT C/S. INCLUYE DIVISIONES EN 42 ECT D/C.,9.26
045/016,CAJA MIGUEL MARGARITA M-12 59.0 x 44.0 x 18.5  51 ECT D/C. INCLUYE DIVISIONES. IMPRESION SELLO.,54.93
045/017,CAJA MIGUEL ALL PORPOUSE M-12 42.0 x 31.0 x 18.2  51 ECT D/C. INCLUYE DIVISIONES. IMPRESION SELLO.,33.86
045/018,CAJA BLUE RIM PITCHER M-1  20.6 x 17.6 x 23.0  32 ECT  AMERICANO C/S. IMPRESION SIMBOLOG√çA Y SELLO.,8.94
045/019,CAJA BOTELLON RECTO GIGANTE M-1  27.3 x 27.2 x 68.5  51 ECT D/C.,39.55
045/020,CAJA JARRA FOG PITCHER INNER-1  51 ECT D/C. 18.5 x 13.3 x 27.5,10.66
045/021,CAJA JARRA FOG PITCHER M-4 39.6 X 29.6 x 30.5  51 ECT D/C.,29.51
045/022,CAJA VASO DOF FOG M-12 (VASO RECTO 10 x 8) 35.5 x 26.5 x 10.8  51 ECT D/C.  INLCUYE DIVISIONES.,19.5
045/023,CAJA VASO HB FOG M-12 (VASO RECTO 7 x 15) 31.5 x 23.5 x 15.5  51 ECT D/C. INCLUYE DIVISIONES.,19.76
045/024,CAJA MIGUEL PITCHER INNER-1 18.5 x 14.7 x 21.5  51 ECT D/C.  IMPRESION SELLO.,8.58
045/025,CAJA MIGUEL PITCHER M-4 39.5 x 32.5 x 24.8  51 ECT D/C. IMPRESION SELLO.,27.81
045/026,CAJA MINA WINE M-4 (16) 60.5 x 60.0 x 25.0  26 ECT C/S. IMPRESION 1 TINTA.,39.07
045/027,CAJA MINA STEMLESS M-4 (16) 59.0 x 58.5 x 22.0  26 ECT C/S. IMPRESION 1 TINTA.,37.79
045/028,CAJA MINA WINE INNER-4 (RETAIL) 28.2 x 28.0 x 21.5  51 ECT D/C. INCLUYE CAMAS Y DIVISIONES.,38.03
045/029,CAJA MINA STEMLEES INNER-4 (RETAIL)  27.5 x 27.3 x 18.5  51 ECT IMPRESION 1 TINTA  INCLUYE INSERTOS.,34.34
045/030,CAJA PAMPAS TUMBLER INNER-4  25.5 x 25.3 x 21.0 51 ECT D/C. IMPRESION 1 TINTA,32.78
045/031,CAJA PAMPAS TUMBLER M-4  55.0 x 54.6 x 24.5  26 ECT C/S. IMPRESION 1 TINTA.,34.78
045/032,CAJA PIPIRI PITCHER INNER-1 20.5 x 19.7 x 31.0  51 ECT D/C. INCLUYE CAMAS Y DIVISIONES.,28.24
045/033,CAJA PIPIRI PITCHER M-2  43.0 x 22.0 x 34.5  26 ECT C/S. IMPRESION SELLO.,14.47
045/034,CAJA PIPIRI WINE INNER-4  27.0 x 26.7 x 22.0  51 ECT INCLUYE DIVISIONES  Y CAMAS DE PROTECCION,36.56
045/035,CAJA PIPIRI WINE MASTER-4 58.0 x 57.5 x 25.5 26 ECT  IMPRESION 1 TINTA.,38.28
045/036,CAJA PIPIRI DOF INNER-4  24.5 x 24.3 x 17.0 51 ECT INCLUYE DIVISIONES  Y CAMAS DE PROTECCION,27.96
045/037,CAJA PIPIRI DOF MASTER-4  53.0 x 52.6 x 20.5  26 ECT C/S. IMPRESION 1 TINTA.,31.45
045/038,CAJA COLLINS GLASSWARE INNER-4  24.3 x 24.0 x 21.8  51 ECT D/C INCLUYE DIVISIONES Y CAMAS DE PROTECCION,31.66
045/039,CAJA COLLINS GLASWARE MASTER-4 52.6 x 52.0 x 25.5  26 ECT C/S.  IMPRESION 1 TINTA.,32.65
045/040,CAJA CANTINA TUMBLER INNER-4  24.3 x 24.0 x 15.8  51 ECT D/C INCLUYE DIVISIONES Y CAMAS DE PROTECCION.,26.75
045/041,CAJA CANTINA TUMBLER MASTER-4 52.6 x 52.0 X 19.5  26 ECT C/S. IMPRESION 1 TINTA.,30.25
045/042,CAJA CANTINA CARAFE INNER-1  18.0 x 17.8 x 36.5  51 ECT D/C IMPRESION 1 TINTA,27.09
045/043,CAJA CANTINA CARAFE MASTER-2  39.8 X 20.0 X 40.0  26 ECT C/S.  IMPRESION 1 TINTA.,15.5
045/044,CAJA TEQUILERO DOBLE MILA INNER- 6 23.5 x 17.8 x 15.5  51 ECT D/C. INCLUYE DIVISIONES Y CAMAS. IMPRESION SELLO.,18.96
045/045,CAJA TEQUILERO DOBLE MILA M-4  39.5 x 25.5 x 38.5 26 ECT C/S. IMPRESION 1 TINTA.,17.42
045/046,CAJA VASO 15 x 8 MILA INNER-6 33.0 x 24.0 x 22.5 51 ECT D/C. INCLUYE DIVISIONES Y SEPARADORES. IMPRESION 1 TINTA.,35.61
045/047,CAJA VASO 15 x 8 MILA MASTER-4 52.0 x 35.5 x 42.0 26 ECT C/S. IMPRESION 1 TINTA.,31.41
045/048,CAJA VASO 10 x 8 MILA INNER-6  51 ECT D/C. INCLUYE DIVISIONES Y SEPARADORES. IMPRESION SELLO.,30.76
045/049,CAJA VASO 10 x 8 MILA MASTER-4 52.0 x 35.5 x 42.0 26 ECT C/S. IMPRESION 1 TINTA.,27.6
045/050,CAJA BEBEDERO PARA PAJARO M-10 56.0 x 27.5 x 12.0   51 ECT D/C. ,44.11
045/051,CAJA BEBEDERO PARA PAJARO INNER EN MICRO CORRUGADO CON IMPRESION 1 TINTA. INCLUYE INSERTOS.,8.42
045/052,CAJA COBALT DOTS HIGHBALL INNER-4 27.3 x 27.1 x 22.5 51 ECT D/C INCLUYE DIVISION Y CAMA DE PROTECCION. IMPRESION SELLO.,37.4
045/053,CAJA COBALT DOTS HIGHBALL M-32 58.5 x 58.5 x 53.0 26 ECT C/S. IMPRESION  SELLO Y SIMBOLOG√çA.,51.59
045/054,CAJA COBALT DOTS DOF INNER-4 27.3 X 27.1 x 17.5  51 ECT D/C.  INCLUYE DIVISION Y CAMA DE PROTECCION. IMPRESION SELLO.,32.81
045/055,CAJA COBALT DOTS DOF M-32 58.5 x 58.5 x 43.0  26 ECT C/S. IMPRESION SELLO Y SIMBOLOG√çA.,47.44
045/056,CAJA SORBET BOWL INNER-4  38.0 x 18.6 x 17.5 51 ECT D/C. INCLUYE DIVISION Y CAMAS. IMPRESION 1 TINTA.,29.37
045/057,CAJA SORBET BOWL M-4 41.2 x 40.0 x 42.5  26 ECT C/S.   IMPRESION SELLO.,26.73
045/058,CAJA AGAVE WINE INNER-4  29.0 x 28.8 x 24.5  51 ECT D/C.  INCLUYE DIVISION Y CHAROLA. IMPRESION SELLO.,41.05
045/059,CAJA AGAVE WINE M-4 62.0 x 61.0 x 29.0 26 ECT C/S. IMPRESION SELLO Y SIMBOLOG√çA.,44.84
045/060,CAJA AGAVE FLUTE INNER-4 24.5 x 24.3 x 34.5 51 ECT D/C.  INCLUYE DIVISION Y CHAROLA. IMPRESION SELLO.,40.74
045/061,CAJA AGAVE FLUTE M-16 53.0 x 52.6 x 39.0  26 ECT C/S. IMPRESION SELLO  Y SIMBOLOG√çA.,39.35
045/062,CAJA CANISTER GRANDE M-4 EVERGREEN 33.0 x 32.8 x 31.6 51 ECT. INCLUYE DIVISION Y CAMAS DE PROTECCION.,54.89
045/063,CAJA CANISTER CHICO M-4  EVERGREEN  33.0 x 32.8 x 25.6 INCLUYE DIVISION Y CAMAS DE PROTECCION.,48.83
045/064,CAJA VINAGRERA M-12  EVERGREEN 53.5 x 40.5 x 23.3 INCLUYE DIVISION Y CAMAS DE PROTECCION.,83.11
045/065,CAJA MOLCAJETE GRANDE INNER-1 (EVERGREEN) 19.8 x 10.5 x 19.8 42 ECT D/C. INCLUYE SEPARADOR.,7.15
045/066,CAJA MOLCAJETE GRANDE MASTER-4 (EVERGREEN) 50.2 x 32.2 x 29.0. INCLUYE DIVISIONES Y CAMAS.,70.02
045/067,CAJA MOLCAJETE CHICO INNER-1(EVERGREEN) 15.0 x 9.0 x 15.0 42 ECT D/C.,4.85
045/068,CAJA MOLCAJETE CHICO MASTER-8 (EVERGREEN) 52.0 x 40.5 x 25.0 51 ECT D/C. INCLUYE DIVISION Y CAMAS.,79.72
045/069,CAJA MARCEL TUMBLER INNER-4 (EVERGREEN) 24.0 x 24.0 x 16.8  51 ECT D/C. INCLUYE DIVISION Y CAMAS.,26.04
045/070,CAJA MARCEL TUMBLER MASTER-4 (EVERGREEN) 52.0 x 52.0 x 20.3  42 ECT D/C.,44.47
045/071,CAJA MARCEL PINT INNER-4 (EVERGREEN) 24.0 x 24.0 x 21.8  51 ECT D/C. INCLUYE DIVISIONES Y CAMAS.,30.07
045/072,CAJA MARCEL PINT MASTER-4 (EVERGREEN) 52.0 x 52.0 x 25.3  42 ECT D/C.,47.44
045/073,CAJA OIL BOTTLE INNER-1 (EVERGREEN) 6.8 x 6.8 x 24.5  26 ECT C/S.,4.35
045/074,CAJA OIL BOTTLE MASTER-12 (EVERGREEN) 40.5 x 32.0 x 32.5  51 ECT D/C. INCLUYE DIVISIONES Y CAMAS.,69.51
045/075,CAJA MARCEL WINE INNER-4 (EVERGREEN) 19.8 x 19.5 x 20.5  32 ECT C/S. INCLUYE DIVISION.,10.78
045/076,CAJA MARCEL WINE M-16 (EVERGREEN) 49.8 x 49.5 x 29.0  51 ECT D/C. INCLUYE DIVISION Y CAMA.,90.2
045/077,CAJA PETULA COASTER I-4 PORTAVASOS (ANTHROPOLOGIC)  17.5 x13.5 x 17.0  51 ECT D/C.INCLUYE DIVISION Y CAMAS. IMPRESION SIMBOLOG√çA,15.26
045/078,CAJA  PETULA COASTER M-4 PORTAVASOS (ANTHROPOLOGY) 38.5 x 30.5 x 20.0  26 ECT C/S. IMPRESION SOMBOLIG√çA,14.92
045/079,CAJA PETULA STEMLESS INNER-4 (ANTHROLOGY) 28.0 x 27.8 x 18.5  51 ECT D/C. INCLUYE DIVISIONES Y CAMAS DE PROTECCION. IMPRESION 1 TINTA.,35.02
045/080,CAJA PETULA STEMLESS M-4 (ANTHROPOLOGY) 60.0 x 59.8 x 22.0  26 ECT C/S. IMPRESION,38.78
045/081,CAJA SWEENY CAKE STAND I-1 (ANTHROPOLOGY)  45.0 x 19.5 x 40.0 51 ECT D/C. INCLUYE DIVISION Y CAMAS.  IMPRESION FRAGILE.,58.16
045/082,CAJA SWEENY CAKE STAND M-2 (ANTHROPOLOGY) 47.0 x 42.5 x 43.0  26 ECT C/S. IMPRESION FRAGILE.,30.93
045/083,CAJA NARITA WINE I-4 (ANTHROPOLOGY) 25.5 x 25.3 x 31.0 51 ECT D/C. INCLUYE DIVISIONES Y CAMAS DE PROTECCION. IMPRESION.,41.56
045/084,CAJA NARITA WINE M-4 (ANTHROPOLOGY) 55.0 x 54.8 x 34.0 26 ECT C/S IMPRESION 1 TINTA.,39.17
045/085,CAJA NARITA FLUTE I-4 (ANTHROPOLOGY) 23.3 x 23.1 x 32.5  51 ECT D/C. INCLUYE DIVISIONES Y CAMAS DE PROTECCION. IMPRESION.,39.03
045/086,CAJA NARITA FLUTE M-4 (ANTHROPOLOGY) 50.0 x 49.8 x 35.5   26 ECT C/S. IMPRESION 1 TINTA.,34.25
045/087,CAJA ISADORA STEMLEES I-4 (ANTHROPOLOGY) 26.0 x 26.0 x 17.5  51 ECT D/C CON IMPRESION,30.54
045/088,CAJA ISADORA STEMLEES M-4 (ANTHROPOLOGY) 55.5 x 55.5 x 21.0  26 ECT C/S CON IMPRESION.,13.81
045/089,CAJA ISADORA STEMLEES I-1 (ANTHROPOLOGY) 15.0 x 15.0 x 17.5  51 ECT D/C CON IMPRESION,11.62
045/090,CAJA ISADORA STEMLEES M-4 (ANTHROPOLOGY) 34.0 x 34.0 x 21.0  26 ECT C/S CON IMPRESION.,15.85
045/091,CAJA FRIDA MARGARITA M-12 (CRATE Y BARREL) 53.5 x 39.5 x 18.0  51 ECT INCLUYE DIVISION. IMPRESION SELLO.,49.21
045/092,CAJA FRIDA RIMMING DISH M-4 (CRATE Y BARREL) 22.0 x 17.0 x 17.0  51 ECT INCLUYE SEPARADOR. IMPRESION SELLO.,15.35
045/093,CAJA FRIDA COCKTAIL M-12 (CRATE Y BARREL) 35.0 x 26.0 x  17.5  51 ECT INCLUYE DIVISION. IMPRESION SELLO.,27.03
045/094,CAJA CONFETTI RIM TUMBLER P/6,5.42
045/095,CAJA CONFETTI RIM DOF P/6 32 ECT AMERICANO C/S. INCLUYE INSERTOS D/C. IMPRESION 1 TINTA.,8.24
045/096,CAJA CONFETTI RIM STEMLESS  P/6 32 ECT AMERICANO C/S. INCLUYE INSERTOS D/C. IMPRESION 1 TINTA.,10.3
045/097,CAJA CONFETTI RIM MARGARITA CON BURBUJA M-6 32 ECT AMERICANO C/S. INCLUYE INSERTOS D/C. IMPRESION 1 TINTA.,18.61
045/098,CAJA CONFETTI RIM PITCHER M-1 19.0 x 18.0 x 22.0   32 ECT AMERICANO C/IMPRESION 1 TINTA,8.37
045/099,CAJA DUNYANA FLUTE I-4 21.3 x 21.1 x 29.0 51 ECT CON INTERIORES IMPRESION 1 TINTA ANTHROPOLOGY,30.91
045/100,CAJA DUNYANA FLUTE M-4 46.5 x 46.2 x 32.0 26 ECT IMPRESION 1 TINTA ANTHROPOLOGY.,29.6
045/101,CAJA DUNYANA COUPE I-4 30.0 x 29.8 x 16.5 51 ECT CON INTERIORES IMPRESION 1 TINTA ANTHROPOLOGY.,35.93
045/102,CAJA DUNYANA COUPE M-4 64.0 x 63.8 x 19.5 26 ECT IMPRESION 1 TINTA ANTHROPOLOGY.,42.53
045/103,CAJA DUNYANA CARAFE I-1 21.0 x 20.8 x 37.0 51 ECT CON INTERIORES IMPRESION 1 TINTA ANTHROPOLOGY.,33.36
045/104,CAJA DUNYANA CARAFE M-4 46.0 x 45.8 x 40.0 26 ECT IMPRESION 1 TINTA ANTHROPOLOGY.,32.22
045/105,CAJA JULES PLATE I-4  30.0 X 28.5 X 27.5  51 ECT CON INTERIORES IMPRESION 1 TINTA ANTHROPOLOGY.,47.73
045/106,CAJA JULES PLATE M-4  64.0 X 60.0 X 31.0  26 ECT IMPRESION 1 TINTA ANTHROPOLOGY.,44.68
045/107,CAJA JULES BOWL I-4 DECANTO  40.0 X 22.5 X 22.0 51 ECT CON INTERIORES IMPRESION 1 TINTA ANTHROPOLOGY.,39.53
045/108,CAJA JULES BOWL M-4 DECANTO 84.0 X 49.0 X 25.5  26 ECT IMPRESION 1 TINTA ANTHROPOLOGY,39.33
045/109,CAJA JULES TUMBLER I-4 26.5 x 26.3 x 17.5 51 ECT CON INTERIORES IMPRESION 1 TINTA ANTHROPOLOGY.,30.84
045/110,CAJA JULES TUMBLER M-4 57.0 x 56.5 x 20.5 26 ECT IMPRESION 1 TINTA ANTHROPOLOGY.,35.88
045/111,CAJA TERRARIO I-1 19.0 x 15.0 x 19.0 42 ECT EVERGREEN,8.07
045/112,CAJA TERRARIO M-4 49.0 X 40.6 X 29.0 51 ECT EVERGREEN INCLUYE INSERTOS.,73.78
045/113,CAJA HAMMERED GLASS TUMBLER M-24 53.7 X 35.7 X 12.8 51 ECT IMPRESION SELLO,44.59
045/114,CAJA ORGANIC DOF M-12 37.0 X 27.5 X 11.0 51 ECT D/C INCLUYE INSERTOS,24.57
045/115,CAJA ORGANIC HB M-12 37.0 X 27.5 X 15.5 51 ECT D/C,28.59
045/116,CAJA VASO EVNA HB INNER 4 22.0 X 21.8 X 22.5  51 ECT. CON INTERIORES,27.21
045/117,CAJA VASO EVNA HB M-4  48.0 X 47.8 X 25.0  23 ECT. IMPRESION 1TINTA  ANTHROPOLOGY.,28.79
045/118,CAJA CHIMERA PITCHER INNER 1  23.8 X 21.8 X 33.5  51 ECT. CON INTERIORES,32.69
045/119,CAJA CHIMERA PITCHER M-2 47.6 X 25.8 X 36.5  23 ECT. IMPRESION 1 TINTA ANTHROPOLOGY.,18.33
045/120,CAJA CHIMERA PLATTER INNER 1 47.0 X 10.1 X 45.5  51 ECT. CON INTERIORES ,44.31
045/121,CAJA CHIMERA PLATTER M-2 49.0 X 24.0 X 48.5  23 ECT.  IMPRESION 1 TINTA ANTHROPOLOGY.,21.99
045/122,CAJA ICE CREAM BOWL M-8,53.09
045/123,CAJA CARAFE INNER 1 VERVE 17.5 X 17.5 X 27.5  51 ECT.,14.65
045/124,CAJA CARAFE M-4 VERVE 39.0 X 38.8 X 31.0 51 ECT AMERICANO,42.38
045/125,CAJA VASO DOF M-4 (16 PZAS) VERVE CULTURE 41.5 X 40.8 X 16.5  51 ECT.  IMPRESION 2 TNTAS,34.14
045/126,CAJA BLUE RIM STEMLEES M-6,9.64
045/127,CAJA BLUE RIM GOBLET M-6,11.35
045/128,CAJA COLORFUL SWIRL DOF M-6,7.96
045/129,CAJA COLORFUL SWIRL TUMBLER M-6,9.19
045/130,CAJA BARCELONA SANGRIA INNER 4,27.89
045/131,CAJA BARCELONA SANGRIA M-4,31.2
045/132,CAJA BARCELONA WINE INNER 4,24.31
045/133,CAJA BARCELONA WINE M-4,29.41
045/134,CAJA BARCELONA PITCHER INNER 1,31.96
045/135,CAJA BARCELONA PITCHER M-2,19.73
045/136,CAJA AQUA PITCHER INNER,12.46
045/137,CAJA AQUA PITCHER M-2,24.07
045/138,CAJA BARCELONA VASE SMALL INNER 1,21.75
045/139,CAJA BARCELONA VASE SMALL M-4,24.54
045/140,CAJA BARCELONA VASE MEDIUM INNER 1,38.28
045/141,CAJA BARCELONA VASE MEDIUM M-2,22.15
045/142,CAJA BARCELONA VASE LARGE INNER 1,33.25
045/143,CAJA BARCELONA VASE LARGE M-2,18.99
045/144,CAJA OPAL TUMBLER M-4,30.46
045/145,CAJA OPAL PINT M-4,24.63
045/146,CAJA OPAL COUPE M-4,35.54
045/147,CAJA OPAL MARTINI M-4,33.14
045/148,CAJA CLOUD GOBLET GREEN M-6,14.03
045/149,CAJA CLOUD STEMLESS GREEN M-6,9.68
045/150,CAJA CLOUD DOF GREEN M-6,8.98
045/151,CAJA CLOUD TUMBLER M-6,9.43
045/152,CAJA CLOUD PITCHER M-1,7.78
045/153,CAJA BLUE RIM DOF M-6,7.47
045/154,CAJA SET ANNA VASE M-2,25.52
045/155,CAJA ANNA VASE LARGE INNER 1,38.81
045/156,CAJA ANNA VASE SMALL INNER 1,40.67
045/157,CAJA BLUE RIM MARGARITA M-6,15.16
045/158,CAJA CONFETTI RIM GOBLET M-6,8.75
045/159,CAJA CLOUD MARGARITA (COG—AC) M-6,10.6
045/160,CAJA ARDEL CARAFE INNER 1,36.09
045/161,CAJA ARDEL CARAFE M-2,19.94
045/162,CAJA ARDEL GLASS WARE HB INNER 4,26.31
045/163,CAJA ARDEL GLASS WARE HB M-4,26.97
045/164,CAJA ARDEL STEMLESS INNER 4,24.17
045/165,CAJA ARDEL STEMLESS M-4,27.69
045/166,CAJA LA PLAYA GLASS M-24,37.49
045/167,CAJA SET CARAFE Y COPAS BAILARINAS,37.33
045/168,CAJA COASTER INNER 6,3.62
045/169,CAJA COASTER M-6,9.01
045/170,CAJA RAE MARGARITA M-12,44.31
045/171,CAJA RAE DOF M-12,19.95
045/172,CAJA RAE HB M-12,23.68
045/173,CAJA ARDEL WINE GLASS M-4,37.03
045/174,CAJA ARDEL WINE GLASS INNER 4,32.44
045/175,CAJA KATICIA VOTIVE M-4,34.25
045/176,CAJA KATICIA VOTIVE INNER 4,29.21
045/177,CAJA CLARE TUMBLER M-4,27.24
045/178,CAJA CLARE TUMBLER INNER 4,23.2
045/179,CAJA CLARE CARAFE M-2,12.05
045/180,CAJA CLARE CARAFE INNER 1,21.08
045/181,CAJA LUSTER HB M-4,28.18
045/182,CAJA LUSTER DOF M-4,28.88
045/183,CAJA GARAGE GLASS (BANDAS) INNER 4,26.8
045/184,CAJA GARAGE GLASS (BANDAS) M-4,31.67
045/185,CAJA RAINBOW INNER 4,31.67
045/186,CAJA RAINBOW M-4,34.96
045/187,CAJA VASO ANA JUICE INNER 4,28.4
045/188,CAJA VASO ANA JUICE M-4,31.46
045/189,CAJA CONFETTI RIM COCKTAIL M-6,9.6
045/190,CAJA BUBBLE HIGHBALL INNER 4,27.05
045/191,CAJA BUBBLE HIGBALL M-4,31.35
045/192,CAJA BUBBLE DOF INNER 4,24.63
045/193,CAJA BUBBLE DOF M-4,30
045/194,CAJA POE LARGE M-1,19.5
045/195,CAJA AMBER STEMLEES INNER 4,20.76
045/196,CAJA AMBER STEMLEES M-4,25.51
045/197,CAJA AMBER TUMBLER INNER 4,26.79
045/198,CAJA AMBER TUMBLER M-4,31.34
045/199,CAJA BLUE RIM MARGARITA M-12,31.81
045/200,CAJA BLUE RIM GOBLET M-12,22.13
045/201,CAJA BLUE RIM DOF M-12,14.06
045/202,CAJA BLUE RIM STEMLESS M-12,18.72
045/203,CAJA BLUE RIM TUMBLER M-12,17.22
045/204,CAJA BLUE RIM PITCHER M-2,13.26
045/205,CAJA CONFETTI BLUE DOF M-6,7.62
045/206,CAJA CONFETTI BLUE TUMBLER M-12,15.25
045/207,CAJA MINT CONFETTI DOF M-12,17.33
045/208,CAJA MINT CONFETTI TUMBLER M-12,20.69
045/209,CAJA MINT CONFETTI GOBLET M-12,27.48
045/210,CAJA SM TURTLE TERRARIUM,10.02
045/211,CAJA SM MOLCAJETE M-4,15.14
045/212,CAJA LA PLAYA SALTED M-16,39.88
045/213,CAJA COPA VINO TINTO M-12 ,28.57
045/214,CAJA VASO HB CONICO  M-12 ,26.33
045/215,CAJA VASO DOF CONICO  M-12 ,22.56
045/216,CAJA VASO 13 X 8 M-4,24.19
045/217,CAJA VASO 8.5 X 8.5  M-4,23.49
045/218,CAJA VASO ROLI POLY  M-4,23.56
045/219,CAJA PILLAR TUMBLER GLASS WARE M-2,37.4
045/220,CAJA PILLAR TUMBLER GLASS WARE INNER 4,29.6
045/221,CAJA VASO TEQUILERO 6 X 5 PABLO INNER,15.73
045/222,CAJA VASO TEQUILERO 6 X 5 PABLO M-12,40.34
045/223,CAJA AGAVE DOF M-12,14
045/224,CAJA RAE PITCHER INNER 1,9.99
045/225,CAJA RAE PITCHER M-4,33.21
045/226,CAJA ESFERAS P/8 PIEZAS CON IMPRESION,9.5
045/227,CAJA SET DE JARRA Y 4 VASOS DOF,20
045/228,CAJA FLOR CARAFE INNER-1,21.48
045/229,CAJA FLOR CARAFE MASTER-4,25.31
045/230,CAJA FLOR HIGBALL INNER-4,30.71
045/231,CAJA FLOR HIGBALL MASTER-4,34.86
045/232,CAJA FLOR MARTINI INNER-4,27.18
045/233,CAJA FLOR MARTINI MASTER-4,32.98
045/234,CAJA FLOR TUMBLER INNER-4,29.25
045/235,CAJA FLOR TUMBLER MASTER-4,36.3
045/236,CAJA FLOR BOWL INNER-1,34.49
045/237,CAJA FLOR BOWL MASTER-2,21.34
045/238,CAJA BUTTER CUP CARAFE INNER-1,23.09
045/239,CAJA BUTTER CUP CARAFE MASTER-4,24.01
045/240,CAJA BUTTER CUP HB INNER-2,17.27
045/241,CAJA BUTTER CUP HB MASTER-8,30.15
045/242,CAJA SEAGLASS BOWL PLATER M-1,45.61
045/243,CAJA SEAGLASS BOWL SMALL M-1,32.32
045/244,CAJA SEAGLASS BOWL LARGE M-1,70.27
045/245,CAJA VASO STEMLLES M-6 SANTINO,40.29
045/246,CAJA GOBLET M-6 SANTINO,47.28
045/247,CAJA VASO DOF M-6 SANTINO,36.17
045/248,CAJA VASO HB M-6 SANTINO,46.5
045/249,CAJA SPRITZER M-6 SANTINO,46.07
045/250,CAJA PITCHER M-2 SANTINO,29.88
045/251,CAJA MARGARITA M-6 SANTINO,75.78
045/252,CAJA DOF CLEAR M-4,34.78
045/253,CAJA HB CLEAR M-4,32.18
045/254,CAJA SMOKE PITCHER M-1,29.88
045/255,CAJA SMOKE SHORT M-4,28.44
045/256,CAJA SMOKE TALL M-4,30.02
045/257,CAJA VASO STEMLESS M-4 SANTINO,28.94
045/258,CAJA DOF AMBAR M-4,26.85
045/259,CAJA HB AMBAR M-4,24.34
045/260,CAJA RED RIBBON DOF M-6,35.45
045/261,CAJA RED RIBBON HB M-6,44.21
045/262,CAJA TREE GLASSES INNER 4,12.62
045/263,CAJA TREE GLASSES M-4,64.97
045/264,CAJA 3 VOTIVES INNER ,8.25
045/265,CAJA 3 VOTIVES M-4,38.95
045/266,CAJA ETCHED ORMANEMT INNER 6,13.93
045/267,CAJA ETCHED ORMANEMT M-4,45.07
045/268,CAJA BELLS INNER 3,10.69
045/269,CAJA BELLS M-4,51.3
045/270,CAJA JESSA WINE INNER 4,32.64
045/271,CAJA JESSA WINE M-4,43.24
045/272,CAJA JESSA FLUTE INNER 4,31.13
045/273,CAJA JESSA FLUTE M-4,37.54
045/274,CAJA CARAFE AMBER MEZCAL M-1,55.13
045/275,CAJA CARAFE AMBER MEZCAL INNER,71.28
045/276,CAJA DOT SHOT INNER 4,6.89
045/277,CAJA DOT SHOT M-4,38.94
045/278,CAJA STAR CARAFE INNER1,21.78
045/279,CAJA STAR CARAFE M-2,72.14
045/280,CAJA PACIFICO MARGARITA M-12,1
045/281,CAJA PACIFICO DOF M-12,22.51
045/282,CAJA PACIFICO HB M-12,27.6
045/283,CAJA PACIFICO PITCHER INNER 1,10.13
045/284,CAJA PACIFICO PITCHER M-2,18.42
045/285,CAJA RIOJA WINE INNER 4,25.34
045/286,CAJA RIOJA WINE M-4,34.31
045/287,CAJA RIOJA STEMLESS INNER 4,23.62
045/288,CAJA RIOJA STEMLESS M-4,32.36
045/289,CAJA PARVATI BOWL INNER 4,27.58
045/290,CAJA PARVATI BOWL M-4,39.02
045/291,CAJA VASO PAULINA HB INNER 4,21.95
045/292,CAJA VASO PAULINA HB M-4,27.35
045/293,CAJA VASO AVIVA HB INNER 4,26.91
045/294,CAJA VASO AVIVA HB M-4,34.89
045/295,CAJA AVIVA PITCHER INNER 1,29.02
045/296,CAJA AVIVA PITCHER M-4,34.22
045/297,CAJA AMBER FLUTE INNER 4,29
045/298,CAJA AMBER FLUTE M-4,1
045/299,CAJA SEAGLASS HB M-6,37.25
045/300,CAJA SEAGLASS DOF M-6,37.63
045/301,CAJA LUSTRE MARGARITA M-4,49.36
045/302,CAJA SEAGLASS DOF BLUE M-4,32.27
045/303,CAJA SEAGLASS HB BLUE M-4,39.43
045/304,CAJA LUSTRE AMBER WINE M-4,33.81
045/305,CAJA RED RIBBON WINE M-6,53.53
045/306,CAJA JAX LOW (DOF) M-4,28.91
045/307,CAJA JAX TALL (HB) M-4,33.21
045/308,CAJA JAX  (GOBLET) M-4,32.39
045/309,CAJA CILINDRO 20.0 X 40.0,59.85
045/310,CAJA SEAGLASS CARAFE INNER,7.76
045/311,CAJA SEAGLASS CARAFE M-4,66.9
045/312,CAJA SANTINO PITCHER M-1,34.06
045/313,CAJA RED RIBBON PITCHER M-1,34.06
045/314,CAJA RED RIBBON GOBLET M-6,49.7
045/315,CAJA GOBLET SMOKE M-6,46.76
045/316,CAJA SMOKE MARGARITA M-6,63.29
045/317,CAJA GOBLET SMOKE M-4,37.28
045/318,CAJA SMALL SMOKE BOWL M-4,57.94
045/319,CAJA SMALL SMOKE BOWL M-6,72.95
045/320,CAJA SMOKE MARGARITA M-4,52.62
045/321,CAJA SMOKE SHOT M-6,23.8
045/322,CAJA SEAGLASS SPRITZER M-6,52.16
045/323,CAJA RED RIBBON STEMLESS M-6,40.29
046/001,CAJA 18 PRS. SUPER SONICA 76.0 x 69.0 x 32.0,48.77
046/002,CAJA 12 PRS. SUPER SONICA 69.0 x 50.5 x 32.0,33.13
046/003,CAJA 6 PARES RONY 44.0 x 35.0 x 32.3  23 ECT.,19.83
046/004,CAJA 12 PARES RONY 69.0 x 44.0 x 32.3  23 ECT.,28.94
046/005,CAJA 18 PARES RONY 70.0 x 65.0 x 32.3  23 ECT.,44.22
046/006,CAJA 18 PARES RONY ESPECIAL 70.0 x 65.0 x 32.0 23 ECT.,44.22
046/007,CAJA ZAPATILLA ALTA 12 PARES ISHU 67.0 x 32.0 x 31.3  23 ECT,22.26
046/008,CAJA 12 PARES RONY ISHU 67.0 x 41.5 x 31.3 23 ECT.,27.92
046/009,CAJA 12 PRS. BOTIN ISHU 67.0 x 64.0 x 31.0 23 ECT.,45.19
046/010,CAJA No 3 12 PRS. ISHU 66.5 x 46.5 x 30.8 23 ECT.,30.8
046/011,CAJA No 1 18 PRS SEXY DIAMANTE 68.0 x 47.5 x 30.8 23 ECT.,31.88
046/012,CAJA No. 1 24 PRS. SEXY DIAMANTE 68.0 x 63.5 x 30.8 23 ECT.,46.5
046/013,CAJA No 2 18 PRS SEXY DIAMANTE 65.5 x 62.5 x 30.8 23 ECT.,42.76
046/014,CAJA No 2. 24 PRS SEXY DIAMANTE 83.0 x 65.5 x 30.8 23 ECT.,50.79
046/015,CAJA No 3. 12 PRS. SEXY DIAMANTE 66.5 x 46.5 x 30.8 23 ECT.,31.8
046/016,CAJA No. 3  18 PRS SEXY DIAMANTE 69.5 x 66.5 x 30.8 23 ECT.,47.15
046/017,CAJA No. 3 24 PRS. SEXY DIAMANTE 92.5 x 66.5 x 30.8 23 ECT.,56.03
046/018,CAJA 12 PRS. RONY JR. 61.0 x 41.0 x 29.5 23 ECT.,25.47
046/019,CAJA 12 PRS BOTA ALTA INTENSITY 76.5 x 69.0 x 54.0 23 ECT.,63.67
046/020,CAJA 12 PRS DAMA 2 ISHU 67.0 x 41.5 x 31.0 23 ECT.,29.24
046/021,CAJA 18 PRS DAMA 2 ISHU 67.0 x 62.5 x 31.0 23 ECT.,44.13
046/022,CAJA DAMA # 3 18 PRS ISHU 70.5 x 68.0 x 32.0 23 ECT,48.31
046/023,CAJA 6 PARES SEXI DIAMANTE  68.0 X 21.5 X 34.0 23 ECT.,18.71
046/024,12 PARES RONY (ESPECIAL) 69.0 X 47.0 X 31.0  23 ECT.,30.24
046/025,CAJA 50 x 50,30.7
046/026,CAJA 62 X 50,33.48
046/027,CAJA 18 PARES RONY JR,41.11
046/028,CAJA DAMA 1 12 PARES 66.5 X 31.0 X 31.0 23 ECT,23.64
046/029,CAJA DAMA  #4 9 PARES,30.77
046/030,CAJA DAMA #4 18 PARES,55.94
046/031,CAJA DAMA #4 24 PARES,81.81
046/032,CAJA No.3 9 PARES SEXY DIAMANTE ,24.65
046/033,CAJA 12 PARES DAMA 4 ISHU,41.09
046/034,CAJA DAMA 2 ISHU 9 PARES,23.57
046/035,CAJA DAMA 7 ISHU 9 PARES,52.44
046/036,CAJA DAMA 7 ISHU 12 PARES,65.22
046/037,CAJA 6 PARES DAMA 2,18.41
046/038,CAJA 6 PARES DAMA 1,16.7
046/039,CAJA 6 PARES DAMA 4,21.95
046/040,CAJA 24 PARES SEXY ZAPATILLA,49.3
046/041,CAJA 18 PARES SEXY ZAPATILLA,37.18
046/042,CAJA 9 PARES SEXY ZAPATILLA,19.93
046/043,CAJA 6 PARES SEXY ZAPATILLA,16.15
046/044,CAJA DAMA 2 12 PRS SEXY DIAMANTE 65.5 x 41.5 x 30.8,23.03
046/045,CAJA  9 PARES RONY ISHU,25.54
046/046,CAJA PARA ENVIO SUAJADA 23 ECT.,11.27
046/047,CAJA 15 PARES NI—A,21.68
046/048,CAJA 6 PARES RONY ISHU,18.55
046/049,CAJA NUEVA 59 X 50,31.9
046/050,CAJA COLECTIVA DAMA 1 15 PARES,28.12
046/051,CAJA DREAM 9 PARES,20.68
046/052,CAJA 65,36.67
046/053,CAJA DAMA 1 9 PARES,18.33
046/054,CAJA DAMA 4 9 PARES,22.12
046/055,CAJA 12 PARES C/SEPARADOR,25.3
046/056,CAJA 6 PARES 40.5,17.52
046/057,CAJA 9 PARES 61.0,21.78
046/058,CAJA 12 PARES 61.0,31.11
046/059,CAJA 18 PARES 67.0,45.18
046/060,CAJA 9 PARES 77.0,28.53
046/061,CAJA BALERINA NI—A 12 PARES,24.88
046/062,CAJA EMP. ESP. ONLINE #3 DP,4.76
046/063,CAJA EMP. ESP. ONLINE #4 DP,6.3
046/064,CAJA EMP. ESP. ONLINE #1 DP,2.2
046/065,CAJA 67,21.77
046/066,CAJA 287,7.45
046/067,CAJA EMP. ESP. ONLINE 2 DP,7.22
046/068,CAJA 415,20.61
046/069,CAJA EMP. ESP. ONLINE #8 DP,15.34
046/070,CAJA 46 X 42,26.9
046/071,CAJA POLO SPORT,11.39
046/072,CAJA EMP. ESP. ONLINE #7 DP,6.9
046/073,CAJA EMP. ESP. ONLINE #6 DP,9.37
046/074,CAJA 45/30/30 9 PRS,22.01
046/075,CAJA DAVID ISAAC 10 PRS,17.41
046/076,CAJA 440,27.45
046/077,CAJA ESPECIAL ADOC (BOTIN 6 PRS),19.23
046/078,CAJA ESPECIAL ADOC (BOTIN 9 PRS),26.44
046/079,CAJA ESPECIAL ADOC (BOTIN 12 PRS),34.55
046/080,CAJA ESPECIAL ADOC (CHANCLETA 6 PRS),13.87
046/081,CAJA ESPECIAL ADOC (CHANCLETA 9 PRS),17.91
046/082,CAJA ESPECIAL ADOC (CHANCLETA 12 PRS),20.91
046/083,CAJA ESPECIAL ADOC (SUPERSONICA 6 PRS),22.4
046/084,CAJA ATLETIC ON BOARD GRANDE 12 PRS,39.95
046/085,CAJA ATLETIC ON BOARD CHICA 12 PRS,29.24
046/086,CAJA 420 DP,24.85
046/087,CAJA 67,27.58
047/001,CAJA INNER PARA MOLCAJETE 8 22.8 x 22.6 x 13.5 42 ECT D/C IMPRESION 1 TINTA.,10.37
047/002,CAJA MASTER-2 MOLCAJETE 8 24.5 X 24.3 X 32.8 42 ECT D/C IMPRESION 1 TINTA.,15.85
047/005,CAJA MASTER MOLCAJETE 10 28.3 X 28.0 X 22.0 51 ECT D/C  IMPRESION 1 TINTA.,22.12
047/006,CAJA INNER MOLCAJETE 6 17.8 X 17.5 X 11.5 42 ECT D/C IMPRESION 1 TINTA.,8.3
047/007,CAJA MASTER MOLCAJETE 6 19.8 X 19.5 X 28.0 42 ECT D/C IMPRESION 1 TINTA.,13.22
047/008,CAJA REGADERA M-1 19.0 x 18.5 x 40.0  42 ECT D/C,13.66
047/009,CAJA CHIMENEA CHICA M-1 27.0 x 26.8 x 43.0 51 ECT D/C IMPRESION SELLO.,26.35
047/010,CAJA CHIMENEA MEDIANA M-1  28.0 x 27.8 x 47.0 51 ECT D/C IMPRESION SELLO.,31.62
047/011,CAJA CHIMENEA GRANDE M-1 31.0 x 30.8 x 57.0 51 ECT D/C IMPRESION SELLO.,39.51
047/012,CAJA INNER TORTILLERA 24.0 X 19.0 X 10.0 42 ECT D/C. IMPRESION 1 TINTA.,8.27
047/013,CAJA MASTER 6 TORTILLERA 41.5 x 25.3 x 37.5 42 ECT D/C IMPRESION.,27.19
047/014,CAJA INNER MOLCAJETE BOWL 20.0 X 20.0 X 12.0 42 ECT D/C IMPRESION SELLO.,8.49
047/015,CAJA MASTER 2 MOLCAJETE BOWL 22.0 X 21.5 X 30.5 42 ECT D/C IMPRESION SELLO.,15.15
047/016,CAJA PI—A PARA 4 PZAS 20.5 X 20.5 X 36.8 26 ECT C/S.,12.17
047/017,CAJA VASO 28 PARA 2 PZS 30.5 X 30.5 X 34.3 26 ECT C/S.,16.61
047/018,CAJA INNER MOLCAJETE CABEZA DE PUERCO 29.0 X 24.0 X 14.3 42 ECT D/C IMPRESION SELLO.,12.77
047/019,CAJA MASTER 2 MOLCAJETE CABEZA DE PUERCO 31.3 X 26.0 X 35.0 42 ECT  D/C IMPRESION SIMBOLOS.,21.63
047/020,CAJA PARA PEZ  37.0 x 30.7 x 23.0 26 ECT C/S SIN IMPRESION.,18.05
047/021,CAJA PARA MACETA CONICA CHICA 20.0 x 20.0 x 36.0  26 ECT C/S SIN IMPRESION.,10.29
047/022,CAJA INNER CORAZON P/8 PZAS 19.3 X 12.0 X 10.5 42 ECT D/C IMPRESION SELLO.,5.34
047/023,CAJA MASTER CORAZON P/3 PZAS 41.2 X 21.0 X 14.0 26 ECT C/S IMPRESION SELLO.,10.47
047/024,CAJA INNER MANOS P/8 PZAS 27.5 X 10.5 X 9.5 42 ECT D/C  IMPRESION SELLO.,5.77
047/025,CAJA MASTER MANOS P/3 PZAS 36.5 X 29.0 X 12.0 26 ECT C/S IMPRESION SELLO.,12.56
047/026,CAJA INNER PARA 8 SONAJAS 15.5 X 14.0 X 11.0 42 ECT D/C IMPRESION SELLO.,5.03
047/027,CAJA MASTER PARA SONAJA 3 PZAS 17.0 X 15.5 X 41.8 26 ECT C/S.,8.69
047/028,CAJA INNER PARA 8 CRUZ 33.0 X 11.3 X 12.5 42 ECT D/C  IMPRESION SELLO.,7.96
047/029,CAJA MASTER PARA CRUZ 39.0 X 34.5 X 16.0 26 ECT C/S IMPRESION SELLO.,13.37
047/030,CAJA PARA ESPEJO CHICA 2 PZAS 33.0 X 12.0 X 43.0 42 ECT D/C IMPRESION SELLO.,14.93
047/031,CAJA PARA ESPEJO 2 PZAS. GRANDE 48.0 X 12.0 X 58.5 42 ECT D/C IMPRESION SELLO.,28.38
047/032,CAJA INNER MOLCAJETE 7 21.5 X 21.5 X 15.5 32 ECT C/S SIN IMPRESION.,8.06
047/033,CAJA CANASTA GRANDE 38.5 X 33.0 X 36.5 42 ECT D/C CON IMPRESION WEST ELM.,33.89
047/034,CAJA CANASTA MEDIANA 29.0 X 28.0 X 27.5 42 ECT D/C CON IMPRESION WEST ELM.,22.39
047/035,CAJA CANASTA CHICA 20.5 X 20.3 X 19.5 42 ECT D/C CON IMPRESION WEST ELM.,12.45
047/036,CAJA MOLCAJETE 10 M-1 34.5 X 34.0 X 25.0 51 ECT,1
047/037,CAJA PARA BOLSA TEJIDA 43.0 X 23.0 X 38.0  42 ECT,28.13
047/038,CAJA CILINDRO M-2,13.4
047/039,CAJA CAMPANA M-2,15.13
047/040,CAJA 2 ASAS M-2,19.51
047/041,CAJA TIBOR M-2,20.81
047/042,CAJA INNER PARA BOTELLA CRANEO,7.38
047/043,CAJA MASTER PARA BOTELLA CRANEO,23.26
047/044,CAJA MOLCAJETE INNER 6,6.51
047/045,CAJA NICHOS M-12,21.52
047/046,CAJA CORAZONES M-12,16
047/047,CAJA MOLCAJETE 8 INNER SURLATABLE,10.08
047/048,CAJA MOLCAJETE 8 M-4 SURLATABLE,16.96
047/049,CINTA TRANSPARENTE 48.0 X 150.0 TUCK 179.,39.05
047/050,CAJA COPA VINO POSTA M-6,12.12
047/051,CAJA VASO ROCA POSTA M-6,7.98
047/052,CAJA VASO AGUA POSTA M-6,9.74
047/053,CAJA INNER MOLCAJETE CABEZA DE PUERCO SURLATABLE,11.39
047/054,CAJA M-4 MOLCAJETE CABEZA DE PUERCO SURLATABLE,21.46
047/055,CAJA VASO STEMLESS POSTA M-6,11.09
047/056,CAJA MOLCAJETE CON OREJAS,19.5
047/057,CAJA PALOMA INNER 1,30.01
047/058,CAJA COPA MARGARITA COC—AG M-6,11.88
047/059,CAJA MARGARITA POSTA NORMAL M-6,16.46
047/060,CAJA JARRA BOLA POSTA M-1,8.36
047/061,CAJA MARGARITA MARTINI POSTA M-6,15.34
047/062,CAJA JARRA CONICA POSTA M-1,8.36
047/063,CAJA CANDELERO CALAVERA M-1,14.37
047/064,CAJA CRANEO FLORERO,7.48
047/065,CAJA CANASTA CHICA INNER,10.56
047/066,CAJA CANASTA MEDIANA INNER,22.06
047/067,CAJA CANASTA GRANDE  INNER,28.83
047/068,CAJA VASO 8X10 M-12,17.99
047/069,CAJA VASO 8X15 M-12,21.46
047/070,CAJA COPA BRANDY M-12,26.76
047/071,CAJA CORAZON GRANDE M-2,6.29
047/072,CAJA CORAZON CHICO M-2,4.11
047/073,CAJA MOLCAJETE 8 CABEZA DE PIG M-2,19.33
047/074,CAJA MOLCAJETE 8 CABEZA DE PIG INNER,7.6
047/075,CAJA FLORERO POLKA M-2,16.24
047/076,CAJA JARRA CONICA M-2,23.15
047/077,CAJA JARRA PERA M-2,23.91
047/078,CAJA MOLCAJETE MEDIANO,22.14
047/079,CAJA ROMBO M-1,38.34
047/080,CAJA BIZNAGA PI—A,20.29
047/081,CAJA MOLCAJETE GRANDE,27.61
047/082,CAJA MACETA BOLA M-1,36.54
047/083,CAJA BANDEJA CRANEO M-1,23.77
047/084,CAJA CANDELERO 1 VELA,12.7
047/085,CAJA BOWL CRANEOS M-1,63.92
047/086,CAJA BOWL NEGRO M-1,55.93
047/087,CAJA MACETA ARCOS M-2,22.86
047/088,CAJA MACETA CAMPANA M-2,22.02
047/089,CAJA MOLCAJETE 14 M-1,33.88
047/090,CAJA MOLCAJETE 6 M-4 SURLATABLE,13.6
047/091,CAJA MOLCAJETE 10 M-1 SURLATABLE,21.74
047/092,CAJA MOLCAJETE 14 M-1 SURLATABLE,33.88
047/093,CAJA MOLCAJETE 6 INNER,7.68
047/094,CAJA MOLCAJETE 4 INNER SURLATABLE,4.89
047/095,CAJA MOLCAJETE 4 MASTER 6 SURLATABLE,15.12
047/096,CAJA MOLCAJETE 4 INNER WS,7.07
047/097,CAJA MOLCAJETE 4 M-6 WS,24.06
047/098,CAJA MOLINILO INNER 1,7.33
047/099,CAJA MOLINILLO 4 INNER,16.79
047/100,CAJA MOLINILLO 4 MASTER,11.88
047/101,CAJA CRANEO CERRADO M-1,1
048/001,CAJA TEQUILA SOLTADO 6/750 ML. 32 ECT KRAFT SIN IMPRESION INCLUYE DIVISIONES,12.74
048/002,CAJA BOTELLA OINK 6/750 45.0 x 33.0 x 23.0 42 ECT D/C. INCLUYE DIVISIONES,30.07
048/003,CAJA 6/750 CRISTAL 36.0 x 24.5 x 22.0 42 ECT D/C. INCLUYE DIVISONES,20.86
048/004,CAJA 12/750 RAICILLA  28.0 x 21.0 x 26.5 26 ECT CON DIVISIONES,12.96
048/005,CAJA P/12 BOTELLA NEGRA 31.5 x 23.5 x 35.5 32 ECT CON DIVISIONES,19.14
048/006,CAJA MEXICAT 12/700 ML,19.4
048/007,CAJA 6 BOTELLA ARTESANAL 45.0 X 33.0 X 23.0 32 ECT,27.84
049/001,LAMINA 217.0 x 240.0 51 ECT D/C,94.82
049/002,LAMINA 217.0 x 240. 0 42 ECT D/C,77.33
049/003,LAMINA 217.0 x 240.0 32 ECT,58.05
049/004,LAMINA 183.0 X 110.0  S/G.,15.45
049/005,LAMINA 217.0 X 240.0 EN 51 ECT AMERICANO.,89.57
049/006,LAMINA 217.0 x 240.0  22 ECT,48.75
049/007,LAMINA 217.0 X 240.0 36 ECT D/C.,65.97
049/008,LAMINA 230.0 X 210.0,35.8
049/009,LAMINA,1
049/010,LAMINA,1
049/011,LAMINA 177.0 x 202.0 51 ECT,59.35
049/012,LAMINA,1
049/013,LAMINA,1
049/014,LAMINA,1
049/015,LAMINA,1
049/017,CAJA VASO CHAMPAGNE M-12 BAMBECO 31.2 x 23.6 x 24.5 42 ECT D/C. INCLUYE DIVISIONES Y CAMAS. IMPRESION.,23.62
049/018,CAJA VASO 8 x 14  M-12 BAMBECO 35.2 x 26.3 x 21.0 42 ECT.   INCLUYE DIVISIONES Y CHAROLAS. IMPRESION.,29.07
049/019,CAJA VASO 8 x 10  M-12 BAMBECO 35.2 x 26.3 x 17.0  42 ECT D/C. INCLUYE DIVISIONES Y CAMAS. IMPRESION.,26.29
049/020,CAJA PARA VASO CERVEZA M-12 BAMBECO 38.4 x 28.9 x 21.9  42 ECT D/.C  INCLUYE DIVISIONES Y CAMAS. CON IMPRESION.,33.61
049/021,CAJA TEQUILERO CONICO M-12 BAMBECO 22.8 x 16.9 x 17.0 42 ECT D/C. INCLUYE DIVISIONES Y CAMAS. CON IMPRESION.,14.77
049/022,CAJA VASO VINO M-12 BAMBECO 44.1 x 32.8 x 17.9 42 ECT D/C. INCLUYE DIVISIONES Y CAMAS. CON IMPRESION.,37.31
049/023,CAJA COPA MARGARITA M-12 BAMBECO 55.2 x 41.3 x 24.0  42 ECT D/C. INCLUYE DIVISIONES Y CAMAS. CON IMPRESION.,59.51
049/024,CAJA COPA MARTINY  M-12 BAMBECO 55.2 x 41.3 x 24.0  42 ECT D/C . INCLUYE DIVISIONES Y CAMAS. CON IMPRESION.,59.51
049/025,CAJA VASO 8 x 14 M-12 BAMBECO 42 ECT D/C. INCLUYE DIVISIONES Y CAMAS. CON IMPRESION,29.07
049/026,CAJA VASO 8 x 10 M-12 BAMBECO 42 ECT D/C. INCLUYE DIVISIONES Y CAMAS. CON IMPRESION.,29.07
049/027,CAJA ROLLY POLLY M-12 BAMBECO 49.2 x 36.7  17.0  42 ECT D/C. INCLUYE DIVISIONES Y CAMAS. CON IMPRESION.,43.77
049/028,CAJA COPA VINO M-12 BAMBECO 39.2 x 29.3 x 27.0 42 ECT D/C. INCLUYE DIVISIONES Y CAMAS. CON IMPRESION.,38.49
049/029,CAJA BOTELLA DECANTER M-4 BAMBECO 30.7 x 30.7 x 31.9  42 ECT D/C.  INCLUYE DIVISIONES Y CAMAS. CON IMPRESION,32.69
049/030,CAJA JARRA RECTA M-4 BAMBECO 36.8 x 32.8 x 29.0  42 ECT D/C. INCLUYE DIVISIONES Y CAMAS. CON IMPRESION.,37.57
049/031,CAJA JARRA BOLA 20 CM M-4 BAMBECO 38.5 x 38.5 x 28.5  42 ECT D/C. INCLUYE DIVISIONES Y CAMAS. CON IMPRESION.,37.81
049/032,CAJA CILINDRO 10 x 17.8 M-6 BAMBECO 33.1 x 21.8 x 23.8. 42 ECT D/C  INCLUYE DIVISIONES Y CAMAS. CON IMPRESION.,23.78
049/033,CAJA FLORERO CONICO 12.7 x 22.8 M-4 BAMBECO 25.8 x 25.8 x 27.5 42 ECT  D/C. INCLUYE DIVISIONES Y CAMAS. CON IMPRESION.,24.45
049/034,CAJA CILINDRO 10 x 30 M-6 BAMBECO 33.4 x 22.0 x 37.4  42 ECT D/C. INCLUYE DIVISIONES Y CAMAS. CON IMPRESION.,30.45
049/035,CAJA CILINDRO 10 x 23 M-6 BAMBECO 33.1 x 21.8 x 28.5  42 ECT D/C. INCLUYE DIVISIONES Y CAMAS. CON IMPRESION.,24.54
049/036,CAJA ESFERA 10 CM M-6 PBM  39.1 x 29.2 x 15.7 51 ECT D/C. INCLUYE 2 CAJAS INNER. IMPRESION SELLO Y SIMBOLOG√çA.,38.46
049/037,CAJA ESFERA 10 CM M-6 PBR 39.7 x 28.4 x 15.5 51 ECT D/C. INCLUYE CAJA INNER,43.77
049/038,CAJA ESFERA 8 CM M-6 PBR  33.7 x 24.4 x 13.5  51 ECT D/C.  INCLUYE CAJAS INNER,33.75
049/039,CAJA CALABAZA MINI M-6 PBM  36.5 x 24.5 x 16.5  51 ECT D/C. INCLUYE CAJAS INNER,39.61
049/040,CAJA CALABAZA CHICA M-6 PBM. 57.9 x 38.6 x 21.8 51 ECT D/C. INCLUYE CAJAS INNER,113.52
049/041,CAJA CALABAZA MEDIANA M-4 PBM 48.8 x 48.8 x 32.4  51 ECT D/C. INCLUYE CAJAS INNER,143.75
049/042,CAJA CALABAZA GRANDE M-2 PBM 51.4 x 25.7 x 48.9  51 ECT D/C. INCLUYE CAJAS INNER,94.46
049/043,CAJA BOMBILLA GRANDE PB 35.5 x 35.5 x 59.5 51 ECT D/C. INCLUYE SEPARADORES Y CAMAS. CON IMPRESION.,70.51
049/044,CAJA FLORERO CHICO DEMIJHON M-1 PB 28.1 x 28.1 x 30.5  51 ECT D/C. INCLUYE SEPARADORES Y CAMAS. CON IMPRESION.,38.4
049/045,CAJA BOTELLA CHICA M-1 PB  19.8 x 19.8 x 45.6 51 ECT D/C. INCLUYE SEPARADORES Y CAMAS. CON IMPRESION.,27.61
049/046,CAJA CANTARO LECHERO M-1 PB 27.4 x 27.4 x 39.3  51 ECT D/C. INCLUYE SEPARADORES Y CAMAS. CON IMPRESION.,38.49
049/047,CAJA CILINDRO 9.5 PBM 23.5 x 23.5 x 35.5 51 ECT D/C. INCLUYE SEPARADORES,42.6
049/048,CAJA CILINDRO 13.75  M-1 PBM 25.8 x 25.8 x 42.5 51 ECT D/C. INCLUYE SEPARADORES,50.41
049/049,CAJA FLORERO GRANDE DEMIJHON M-1 PB 37.6 x 37.6 x 46.1 51 ECT D/C . INCLUYE SEPARADORES Y CAMAS. CON IMPRESION.,72.25
049/050,CAJA FLORERO EXTRA GRANDE DEMIJHON M-1 PB 47.1 x 47.1 x 51.2  51 ECT D/C. INCLUYE SEPARADORES Y CAMAS. CON IMPRESION.,104
049/051,CAJA BOMBILLA EXTRA GRANDE M-1 PB 38.6 x 38.6 x 76.0. INCLUYE ESQUINEROS,117.08
049/052,CAJA CILINDRO 9.5 PBR 53.0 x 29.5 x 34.5 51 ECT D/C. INCLUYE SEPARADOR,79.37
049/053,CAJA CILINDRO 13.75  PBR 55.0 x 31.0 x 44.5 51 ECT D/C. INCLUYE SEPARADORES,94.35
049/054,CAJA NESTING SMALL PB 24.0 x 23.8 x 42.2  51 ECT D/C. INCLUYE DIVISIONES,57.74
049/055,CAJA NESTING MEDIUM PB 31.5 x 31.3 x 53.6. INCLUYE DIVISIONES,75.54
049/056,CAJA CALABAZA MINI M-6  PBR 41.0 x 29.3 x 19.0 51 ECT D/C. CON IMPRESION. INCLUYE DIVISIONES Y CAMAS.,41.11
049/057,CAJA BOTELLA GRANDE PB 23.6 x 23.6 x 63.5  51 ECT D/C. INCLUYE DIVISION Y CAMAS. CON IMPRESION.,44.85
049/058,CAJA NESTING LARGE PB 31.5 x 31.3 x 67.6 51 ECT D/C. INCLUYE DIVISIONES,82.41
049/060,SET CAJA PARA VASO CERVEZA M-4  (EVERGREEN) 41.8 X 41.8 X 26.4 42 ECT,74.91
049/061,SET CAJA PARA VASO 8 x 14 M-4 (EVERGREEN) 39.8 X 39.8 X 24.0 42 ECT. INCLUYE CAJAS INNER,66.62
049/062,SET CAJA PARA VASO 8 x 10 M-4 (EVERGREEN) 39.8 X 39.8 X 20.0 42 ECT. INCLUYE CAJAS INNER,61.27
049/063,SET CAJA PARA TEQUILERO M-4 (EVERGREEN) 22.5 X 22.5 X 21.0 42 ECT. INCLUYE CAJAS INNER,32.08
049/064,SET CAJA PARA COPA MARGARITA M-4 (EVERGREEN) 58.6 X 58.6 X 28.0 42 ECT. INCLUYE CAJAS INNER,131.64
049/065,SET CAJA PARA VASO VINO M-4 (EVERGREEN) 43.5 X 43.5 X 22.0 42 ECT. INCLUYE CAJAS INNER,86.23
049/066,SET CAJA PARA ROLLY POLLY M-12 (EVERGREEN) 51.9 X 38.8 X 21.5 42 ECT. INCLUYE CAJAS INNER Y CAMAS.,96.49
049/067,SET CAJA PARA DECANTER M-4 (EVERGREEN) 34.1 X 34.1 X 36.4 42 ECT. INCLUYE CAJAS INNER Y CAMAS.,61.3
049/068,SET CAJA PARA APOTHECARY (EVERGREEN),118.31
049/069,SET CAJA PARA FLORERO VERDE LARGE M-6 (EVERGREEN) 63.0 X 42.0 X 33.0 42 ECT. INCLUYE CAJAS INNER Y CAMAS.,132.74
049/070,SET CAJA PARA FLORERO VERDE SMALL M-8 (EVERGREEN) 62.4 X 31.2 X 24.0 42 ECT. INCLUYE CAJAS INNER Y CAMAS.,76.75
049/071,SET CAJA PARA BUBBLE LARGE M-6(EVERGREEN) 56.8 X 38.2 X 34.5 42 ECT. INCLUYE CAJAS INNER Y CAMAS.,96.69
049/072,SET CAJA PARA BUBBLE SMALL M-8 (EVERGREEN) 62.4 X 31.2 X 24.0 42 ECT. INCLUYE CAJAS INNER Y CAMAS.,76.75
049/073,SET CAJA PARA JARRA RECTA M-4 (EVERGREEN) 41.2 X 41.2 X 33.0 42 ECT. INCLUYE CAJAS INNER Y CAMAS.,77.24
049/074,SET CAJA PARA VASO CHAMPAGNE M-4 (EVERGREEN) 31.5 X 31.5 X 27.0 42 ECT. INCLUYE CAJAS INNER,69.72
049/075,SET CAJA PARA COPA VINO M-4 (EVERGREEN) 41.0 X 41.0 X 30.5 42 ECT. INCLUYE CAJAS INNER,94.71
049/076,CAJA VASO 8 x 10.5 M-12 TJX 35.2 x 26.1 x 10.0 42 ECT D/C. INCLUYE DIVISIONES. CON IMPRESION.,16.89
049/077,CAJA VASO 8 x 15 M-12 TJX 35.2 x 26.1 x 15.0 42 ECT D/C. INCLUYE DIVISIONES. CON IMPRESION.,20.14
049/078,CAJA COPA COGNAC M-12 TJX 42.8 x 32.1 x 13.5 42 ECT D/C. INCLUYE DIVISIONES. CON IMPRESION.,25.84
049/079,CAJA JARRA BOLA 20 CM M-4 TJX 37.0 x 37.0 x 22.0 42 ECT D/C. INCLUYE DIVISIONES. CON IMPRESION.,27.65
049/080,CAJA JARRA BOLA 22 CM M-4 TJX 43.0 x 43.0 x 24.0  42 ECT D/C. INCLUYE DIVISIONES. CON IMPRESION.,37.03
049/081,CAJA COPA MARGARITA M-12 TJX 57.2 x 42.9 x 17.5 42 ECT D/C. CON IMPRESION. INCLUYE DIVISIONES.,41.7
049/082,CAJA MODELO No. 1  19.0 x 18.0 x 13.0  26 ECT IMPRESION 1 TINTA.,5.46
049/083,CAJA MODELO No. 2  38.0 x 26.0 x 24.0  26 ECT IMPRESION 1 TINTA.,12.95
049/084,CAJA MODELO No. 3  38.0 x 26.0 x 46.0  26 ECT IMPRESION 1 TINTA.,18.09
049/085,CAJA MODELO No. 4 69.8 X 46.8 X 51.0 42 ECT IMPRESION 1 TINTA.,62.95
049/086,CAJA MODELO No. 1  52.0 x 52.0 x 88.0  42 ECT CON IMPRESION FUSION.,86.58
049/087,CAJA MODELO No. 2   40.0 x 40.0 x 66.0  42 ECT CON IMPRESION FUSION.,51.16
049/088,CAJA MODELO No. 3  46.0 x 46.0 x 60.0  42 ECT CON IMPRESION FUSION.,61.6
049/089,CAJA MODELO No. 4  65.0 x 65.0 x 65.0  42 ECT CON IMPRESION FUSION.,104.06
049/090,CAJA MODELO No. 5  35.0 x 35.0 x 175.0  42 ECT CON IMPRESION FUSION.,96.22
049/091,CAJA MODELO No. 6  55.0 x 55.0 x 175.0  42 ECT CON IMPRESION FUSION.,161.46
049/092,CAJA MODELO No. 7  52.0 x 52.0 x 70.0  42 ECT CON IMPRESION FUSION.,80.55
049/093,CAJA MODELO No. 8  40.0 x 40.0 x 40.0  42 ECT CON IMPRESION FUSION.,65.91
049/094,CAJA TEQUILA RICAVA 6/ 750 ML.   24.0 x 19.5 x 33.0  32 ECT BLANCO. INCLUYE DIVISIONES. IMPRESION 1 TINTA.,12.9
051/001,SINGLE FACE LIGERO DE 180 CMS. DE ANCHO,16.06
051/002,SINGLE FACE 1.98 METROS,14.49
051/003,CHAROLA PARA PATAS 7 KGS. (Carton de empacar),5.56
051/004,DIVISIONES PARA PATAS,12.29
051/005,CAJA MASTER  YING 42 ECT D/C IMPRESION  1 TINTA. (Caja para empacar),157.68
051/006,BASE INFERIOR YING 23 ECT C/S. (Carton de empacar),51.9
051/007,CAJA INTERIOR GRANDE YING 26 ECT C/S. (Cajas para empacar),31.9
051/008,CAJA INTERIOR CHICA YING 26 ECT C/S. (Cajas para empacar),16.98
051/009,SEPARADOR SUAJADO YING 26 ECT C/S. (Carton de empacar),44.86
051/010,KIT CHAROLA RESPALDO YING 23 ECT C/S. (Carton de empacar),36
051/011,PROTECTOR LATERAL YING 23 ECT C/S. (Carton de empacar),19.15
051/012,KIT EMPAQUE SILLON MEDFORD C.51(Cajas para empacar),284.86
051/013,KIT EMPAQUE SOFA MEDFORD C. 51(Cajas para empacar),513.97
051/014,KIT EMPAQUE OTTO MEDFORD C.51(Cajas para empacar),176.2
051/015,CHAROLA ESQUINERO WEST ELM  71 ECT,79.75
051/016,LATERAL ESQUINERO WEST ELM BAJO 58.0 X 210.5  71 ECT,92.46
051/017,ESQUINERO WEST ELM (BANDA LATERAL BAJA) 58.0 X 217.0  71 ECT  (SET 2 PZAS) IMPRESION 1 TINTA. (Carton de empacar),46.23
051/018,GRAPA No. 34-C,150.96
051/019,ACCESORIO PARA ENGRAPADORA BOTOM,225
051/020,CAJA EMPAQUE KIT SILLA KRAVITZ (Cajas para empacar),291.9
051/021,CHAROLA SOFA WEST ELM  71 ECT,168.33
051/022,LATERAL SOFA WEST ELM BAJO 58.0 X 336.5  71 ECT,132.34
051/023,SOFA WEST ELM (BANDA LATERAL ALTA) 73.0 X 226.0  71 ECT (SET 2 PZAS) IMPRESION 1 TINTA,81.74
051/024,CHAROLA SOFA 1 BRAZO WEST ELM 71 ECT,128.64
051/025,LATERAL SOFA 1 BRAZO WEST ELM BAJO 58.0 X 305.5 71 ECT IMPRESION 1 TINTA CODE:1008354.,130.56
051/026,SOFA UN BRAZO WEST ELM (BANDA LATERAL BAJA) 58.0 X 312.0 71 ECT (SET 2 PZAS) IMPRESION 1 TINTA.,59.39
051/027,CHAROLA S/D WEST ELM  71 ECT,117.76
051/028,LATERAL S/D WEST ELM BAJO 58.0 X 285.5 71 ECT  IMPRESION 1 TINTA CODE:1008351.,122.7
051/029,SILLON DESCANSO WEST ELM (BANDA LATERAL BAJA) 58.0 X 292.0 71 ECT (SET 2 PZAS) IMPRESION 1 TINTA.,58.59
051/030,CHAROLA OTTOMAN WEST ELM  71 ECT,83.83
051/031,OTTO MAN WEST ELM (BANDA LATERAL ALTA) 73.0 X 223.0 71 ECT (SET 2 PZAS) IMPRESION 1 TINTA.,38.21
051/032,LATERAL OTTOMAN WEST ELM BAJO 58.0 X 216.5 71 ECT IMPRESION 1 TINTA CODE:1008348.,57.24
051/033,CHAROLA SIND WEST ELM 71 ECT,69.23
051/034,LATERAL SIND WEST ELM BAJO 58.0 X 192.0  71 ECT,85.4
051/035,SILLON INDIVIDUAL WEST ELM (BANDA LATERAL BAJA) 58.0 X 199.0 71 ECT (SET 2 PZAS) IMPRESION 1 TINTA.,42.7
051/036,BANCO PROTECTOR ZOCLO 51 ECT. (Carton de empacar),36.61
051/037,CAJA PARA PATAS TAFT,31.06
051/038,CAJA PRINCIPAL TAFT 71 ECT CODE: 1008885,443
051/039,CHAROLA INFERIOR TAFT 42 ECT CODE: 1008886,84.35
051/040,CUBIERTA SUPERIOR TAFT 42 ECT CODE: 1008887,83.11
051/041,TAPA CAJA PARA PATAS TAFT 42 ECT CODE: 1008888,20.23
051/042,CAJA SILLON EOS,234.84
051/043,CAJA MASTER LODI 42 ECT D/C,171.3
051/044,CAJA INTERIOR LODI 26 ECT C/S,48.68
051/045,BASE INFERIOR LODI 23 ECT C/S,48.4
051/046,BASE SUPERIOR LODI 23 ECT C/S,48.4
051/047,CHAROLA PARA PATA KUMO 42 ECT (Carton de empacar).,35.41
051/048,CAJA LIPP SILLON,202.97
051/049,BASE INFERIOR LIPP SILLON 42 ECT D/C. (Carton de empacar).,32.92
051/052,CHAROLA ROD 42 ECT (Carton de empacar).,23.56
051/053,CAJA MASTER STELLEN 51 ECT D/C. (Caja para empacar),223.03
051/054,CAJA INTERIOR GRANDE STELLEN 42 ECT D/C. (Cajas para empacar),75.4
051/055,CAJA INTERIOR CHICA STELLEN 51 ECT D/C. (Cajas para empacar),31.66
051/056,BASE INFERIOR TRIPLE 51 ECT D/C. (Carton de empacar),70.9
051/057,CHAROLA BRAZO BEDFORD 51 ECT D/C. (Carton de empacar),35.57
052/001,CAJA BOTELLA MINIATURA 40.5 x 24.0 x 24.0  23 ECT,10.46
052/002,DIVISIONES  BOTELLA MINIATURA,14.88
052/003,CAJA BORDALESA 750 CORCHO,8.7
052/004,JUEGO DE DIVISION BORDALESA 750 CORCHO,5.05
053/001,CAJA 920 412 11,5.69
053/002,CAJA 920 412 15,8.2
054/001,CAJA TEQUILA LA MARTINA 6/750 ML 35.0 x 13.7 x 30.8  32 ECT IMPRESION 1 TINTA. INCLUYE DIVISIONES,11.58
054/002,CAJA TEQUILA PICARDIA 6/750 ML,11.42
054/003,CAJA GUALA 12/750 ML,11.13
054/004,JUEGO DE DIVISION GUALA 12/750 ML,5.2
055/001,CAJA MASTER HAND JUICER 18,24.59
055/002,CAJA INNER HAND JUICE 8,7.01
055/003,CAJA SUAJADA PARA TAZA MUG SET INNER,7.12
055/004,CAJA MUG SET BOX M-12,21.12
055/005,CAJA TAJINA MASTER,24.21
055/006,CAJA TAJINA BASE INNER,8.34
055/007,INSERTO CAJA TAJINA BASE INNER.,3.67
055/008,CAJA COPA TULIPAN,9.89
055/009,CAJA 2 SALEROS,7.9
056/001,CAJA 3 x 2  (6 CAJAS)  26.5 x 13.0 x 20.5  26 ECT  IMPRESION 1 TINTA.,6.2
056/002,CAJA 3 x 2  (6 ENVASES)  29.6 x 13.5 x 22.3  26 ECT IMPRESION 1 TINTA,6.91
056/003,CAJA 20-008-1 43.5 x 33.0 x 34.1 42 ECT D/C. IMPRESION 1 TINTA.,20.38
056/004,CAJA 20-03  65.0 x 43.0 x 26  42 ECT IMPRESION 1 TINTA.,33.35
056/005,CAJA FLU-Y 30.5 x 20.3 x 16.5  23 ECT,5.74
056/006,CAJA 20-004,49.53
056/007,CAJA 20-001-1,9.8
056/008,CAJA No 29,8.17
056/009,CAJA 20-009-1,11.95
056/010,CAJA COLECTIVA TRICARE MASCARILLA 40/50,22.04
056/011,JUEGO DE SEPARADOR TIERRA NOBLE FLAUTA C S/G,3.74
056/012,CAJA MODELO 50 20-010-1,18.73
056/013,CAJA 20-002-1,22.81
056/014,CAJA 36A-1,8.59
057/001,CAJA PARA CAJETA 12/360 GR,6.85
058/001,CAJA INDIVIDUAL SALERO PIMENTERO POTTERY BARN,6.7
058/002,TAPA PVC HOT STAMPING,10.35
059/001,LAMINA MICRO CORRUGADO 86.0 x 80.0,5.72
059/002,LAMINA MICRO CORRUGADO 1.40 x 2.00,23.21
059/003,LAMINA 90.0 x 60.0 MICRO CORRUGADO KRAFT,4.84
060/001,LAMINA 208.00 x 160.00  22 ECT C/S KRAFT,28.26
060/002,LAMINA 208.0 x 1.30  22 ECT KRAFT,23.39
060/003,LAMINA 217.0 X 240.0  42 ECT D/C,75.48
060/004,LAMINA 217.0 x 200.0 23 ECT,39.22
060/005,ROLLO FLEJE NATURAL 3/8,1
060/006,PEL√çCULA ESTIRABLE 18 18 x 60 x 800,69.7
061/001,CAJA PARA BATERIA DE COCINA 53.5 x 31.0 X 21.5 23 ECT KRAFT,15.2
062/001,CAJA REY CA—A 28.5 x 19.1 x 25.3 32 ECT IMPRESION 1 TINTA. INCLUYE DIVISIONES,9.84
063/001,LAMINA 178.0 x 110.0 KRAFT 42 ECT D/C,31.78
065/001,CAJA COPA MARTINI M-6,15.17
065/002,CAJA COPA VINO AGUA M-6,9.92
065/003,SEPARADOR BOAL 21 ECT. NACIONAL,13.22
065/004,CAJA VASO COOLER 8X13,9.53
065/005,CAJA COPA MARGARITA M-6,20.87
065/006,CAJA VASO HB M-6,11.7
065/007,CAJA VASO BARRILITO M-6,12.52
065/008,CAJA JARRA BOLA FRITAS M-2,15.45
065/009,CAJA JARRA BOLA FRITAS INNER 1,9.94
065/010,CAJA GIFT SET 2,15.01
065/011,CAJA GEL ANTIBACTERIAL 24/120 ML,3.9
065/012,CAJA COPA MARGARITA M-4,15.13
065/013,CAJA GEL ANTIBACTERIAL 12/1 LTO,9.02
065/014,CAJA JABON ANTIBACTERIAL 12/375 ML,4.82
065/015,CAJA JARRA PERA VERDE COCA M-2,15.3
065/016,CAJA JARRA PERA VERDE COCA INNER,9.59
065/017,CAJA JARRA LECHERA M-2,11.18
065/018,CAJA JARRA LECHERA INNER ,7.01
065/019,CAJA COPA RECTA CRISTAL M-6,12.26
065/020,CAJA ENSALADERA CRISTAL Y POSTA COBALTO M-2,28.2
065/021,CAJA GLASS SERVIN BOWL BLUE RIM M-2,28.2
065/022,CAJA ENSALADERA VERDE COCA M-2,24.52
065/023,CINTA TRANSPARENTE 48.0 X 150.0 TUCK 179.,49.8
065/024,PELICULA STRECH 18 50 X 900.,125.28
065/025,CAJA JAR CHICO M-2,7.35
065/026,CAJA JAR MEDIANO M-2,10.77
065/027,CAJA JAR GRANDE M-2,16.8
065/028,CAJA MOLCAJETE M-6,14.27
065/029,CAJA VASO DOF 8 X 10 M-12,15.76
065/030,CAJA COPA CO—AC 8 X 10 M-12,17.39
065/031,CAJA VASO DOF 8 X 13 M-12,15.14
065/032,CAJA VASO HB 8 X 15 M-12,18.8
065/033,CAJA VASO HB 7 X 15 M-12,18.08
065/034,CAJA COPA MARGARITA  M-12,40.28
065/035,CAJA DECANTER M-4,27.14
065/036,CAJA STAND CAKE M-2,27.82
065/037,CAJA COPA BRANDY M-12,22.35
065/038,CAJA FLORERO ANFORA URNA M-4,27.73
065/039,CAJA FLORERO BALA M-4,16.29
065/040,INSERTOS PARA CAJA FLORERO PERA M-6.,4.71
065/041,CAJA HURACAN 8X8 M-4,28.6
065/042,INSERTOS PARA CAJA HURACAN 4X4 M-8.,11.1
065/043,CAJA VELA BARRIL M-6,13.49
065/044,CAJA DOF MODERN AMBER M-6,12.52
065/045,CAJA HB MODERN AMBER M-6,11.7
065/046,CAJA FLORERO BARRO BLANCO M-2,28.97
065/047,CAJA CAKE DOME (96202.02RR),64.94
065/048,CAJA CRUET TRIO (96201.02RR),30.15
065/049,CAJA DOF (91518.04RR),29.02
065/050,CAJA HI BALL (91519.04RR),28.13
065/051,CAJA FLORERO CUADRO TERRACOTA M-2,18.31
065/052,CAJA IDOLO TERRACOTA M-2,18.48
065/053,CAJA CHAROLA TRIPOD TERRACOTA M-2,26.18
065/054,CAJA PILLAR HOLDER 4X5 M-6,18.5
065/055,CAJA PILLAR HOLDER 5X9 M-6,21.04
065/056,CAJA BARRO CANTARO CHICO M-6,32.62
065/057,CAJA BARRO CANTARO MEDIANO M-4,30.12
065/058,CAJA FLORERO GOTA CHICO M-4,31.28
065/059,CAJA FLORERO GOTA MEDIANO M-4,38.01
065/060,CAJA FLORERO BOTELLA CHICA M-6,14.26
065/061,CAJA FLORERO BOTELLA MEDIANA M-6,26.2
065/062,CAJA JARRON GREY MEDIANO,31.06
065/063,CAJA JARRON GREY CHICO M-6,26.73
065/064,CAJA FLORERO TEXTURA GRANDE M-4,21.97
065/065,CAJA FLORERO TEXTURA MEDIANO M-6,23.88
065/066,CAJA FLORERO TEXTURA CHICO M-4,23.09
065/067,CAJA CAKE DOME INNER,31.5
065/068,CAJA CRUET TRIO INNER,18.14
065/069,CAJA DOF INNER,14.5
065/070,CAJA HI BALL INNER,15.1
065/071,CAJA ROOM SPRAY AEROSOL M-6,3.4
065/072,CAJA CANDELERO URUAPAN 24,1
065/073,CAJA CANDELERO URUAPAN 27,1
065/074,CAJA CANDELERO METAL SQUARE 31,1
065/075,CAJA CANDELERO METAL SQUARE 35,1
065/076,CAJA MASTER 1 FLORERO HUEVO CAFE,40.57
065/077,CAJA MASTER 1 CANDELERO H 20,1
065/078,CAJA MASTER 1 CANDELERO H 26,1
065/079,CAJA ACANTHUS INNER,8.39
065/080,CAJA MASTER PARA BANCA,182.8
065/081,CAJA HURACAN PICADO 9 X 7 M-6,29.5
065/082,CAJA HURACAN PICADO 14 X 8 M-6,33.69
065/083,CAJA BOTELLA BALON CHICO M-6,10.95
065/084,CAJA BOTELLA BALON GRANDE M-6,18.98
065/085,CAJA HURACAN SEASIDE CHICO M-6,10.3
065/086,CAJA HURACAN SEASIDE MEDIANO M-6,17.87
065/087,CAJA HURACAN SEASIDE GRANDE M-6,20.62
065/088,CAJA VELA PILLAR 3X4 M-6,5.39
065/089,CAJA VELA PILLAR 3X6 M-6,6.22
065/090,CAJA VELA PILLAR 3X8 M-6,7.1
065/091,JUEGO DE INSERTOS 4 MACETAS,37.22
065/092,JUEGO DE INSERTOS 6 MACETAS,36.05
065/093,CAJA CALABAZA CHICA VIDRIO M-6,10.4
065/094,CAJA CALABAZA MEDIANA VIDRIO M-4,19.02
065/095,CAJA FLORERO BOTELLA AZUL M-6,12.55
065/096,CAJA FLORERO CANTARO AZUL M-6,23.57
065/097,CAJA HURRICANE MEDIANO AZUL M-6,18.36
065/098,CAJA HURRICANE SMALL AZUL M-6,12.17
065/099,CAJA FLORERO MEDIANO AZUL M-6,24.98
065/100,CAJA FLORERO ALTO AZUL M-6,34.72
065/101,CAJA FLORERO ALTO AZUL M-4,25.21
065/102,CAJA VELA FROSTED AZUL M-6,20.1
065/103,CAJA CALABAZA DOBLE M-1,30.46
065/104,CAJA CALABAZA GRANDE M-1,35.85
065/105,CAJA CALABAZA TRIPLE M-1,37.57
065/105-A,INSERTO CALABAZA TRIPLE .,2.59
065/106,CAJA CALABAZA CHICA M-1,15.35
065/107,CAJA COPA SMOKE M-6,12.24
065/108,CAJA PORTAINCIENSOS M-12,8.5
065/109,CAJA HONEY BLOOM M-6,13.12
065/110,CAJA ESFERA 4 M-4,1
065/111,CAJA INCIENSO M-12,4.95
065/112,CAJA IMPRESA DIFUSOR AROMATIC SPICE.,7.61
065/113,CAJA DIFUSOR M-6,7.24
065/114,CAJA JAR DORADO M-4,8.51
065/115,CAJA JAR CHICO M-6,7.33
065/116,CAJA VELA CHICA M-6 (MAQUINADO),17.42
065/117,CAJA VELA MEDIANA M-6 (MAQUINADO),18.2
065/118,CAJA VELA GRANDE M-6 (MAQUINADO),19.34
065/119,CAJA ESFERA 4 M-6,1
065/120,CAJA JARRA RECTA PINTAS M-2,10.86
065/121,CAJA JARRA RECTA PINTAS INNER,5.53
066/001,ESQUINERO 8.0 X 200.0  S/G.,2.09
067/001,CAJA LIBRERO RETRO (GA-152-01-LR) 90.0 X 50.0 X 137.0 42 ECT,183.65
067/002,CAJA COMODA RETRO (GA-152-02-LR),109.3
067/003,CAJA MUEBLE TV RETRO (GA-152-03-LR) 170.0 X 50.0 X 37.0 42 ECT,129.49
067/004,CAJA BURO RETRO (GA-152-04-LR) 50.0 X 50.0 X 37.0 42 ECT,50.62
068/001,CAJA FLEJE GRANDE TAPA BLANCA,19.12
068/002,SEPARADOR BOAL 23 ECT. LINER NACIONAL,14.11
068/003,SEPARADOR BOAL 21 ECT. LINER NACIONAL,13.22
068/004,LATERAL SIN IMPRESION.,16.28
068/005,LATERAL BOAL 23 ECT. CON IMPRESION.,17.34
068/006,CAJA FLEJE CHICA .,15.35
068/007,CAJA FLEJE GRANDE.,17.09
068/008,CAJA CHICA 41,20.39
068/009,CAJA GRANDE 53,1
068/010,LAMINA,11.68
068/011,CAJA 4 ROLLOS PELICULA 18,1
068/012,PAPEL KRAFT 140 GRAMOS,46.75
068/013,LAMINA 113.0 X 134.0,13.34
068/014,CAJA ESPECIAL XIDA,15.82
068/015,SEPARADOR 36,0.87
068/016,CAJA 54,36.92
069/001,CAJA COPA BRANDY M-12,26.49
069/002,CAJA VASO DOF M-12,18.54
069/003,CAJA VASO HB M-12,21.68
069/004,CAJA COPA MARGARITA M-12,25.83
069/005,CAJA VASO 8 X 10 M-12,10.49
069/006,CAJA VASO 8 X 13 M-12,11.79
069/007,CAJA VASO BOLA M-12,16.08
069/008,CAJA VASO BOLA (2) M-12,17.93
069/009,CAJA COPA CHABELA M-12,25.75
069/010,CAJA VASO CONICO M-24,23.56
070/001,CAJA 6 VASO 8 x 13 M-6,38.03
070/002,CAJA VASO TEQUILERO M-8 30.5 x 18.5 x 16.0 51 ECT. INCLUYE DIVISIONES,26.57
070/003,CAJA JARRA PERA,33.32
071/001,CAJA VASO 8 X 10 M-12,17.94
071/002,CAJA VASO 8X13 M-12,19.75
071/003,JUEGO DE DIVISION VASO 8 X 10.,2.8
071/004,JUEGO DE DIVISION VASO 8 X 13.,3.28
071/005,CAJA CIO 13 X 7 M-6,13.75
071/006,CAJA JARRA 10 X 19,6.16
071/007,CAJA ENSALADERA 12 X 25 M-1,8.98
071/008,CAJA COPA MEDIANA NARANJA 11.0 X 14.5 M-6,13.98
071/009,CAJA COPA POSTRERA 9.5 X 10.0 M-6,15.89
071/010,CAJA COPA ESFERICA 9 X 18 M-6,14.87
071/011,CAJA VASO JUGO 6.5 X 12 M-6,7.54
071/012,CAJA VASO 8 X 10 M-6,8.72
071/013,CAJA VASO TEQUILERO M-12,7.58
071/014,CAJA VASO 7 X 13 M-6,8.59
071/015,CAJA VASO 8 X 13 M-6,9.73
071/016,CAJA VASO 6 X 9 M-6,7.03
071/017,CAJA JARRA RECTA 10 X 22 M-1,7.03
071/018,CINTA TRANSPARENTE 48.0 X 150.0 TUCK 179.,35.6
071/019,CAJA COPA 8 X 16 M-6,8.86
071/020,CAJA VASO CONICO 7 X 10 M-6,8.04
071/021,CAJA VASO CONICO M-12,20.75
071/022,CAJA VASO ROCA M-12,17.61
071/023,CAJA VASO ELEFANTE M-12,21.69
071/024,CAJA COPA CAMPANA M-12,37.21
072/001,CAJA EXPRIMIDOR CHICO INNER 40 ECT,22.19
072/002,CAJA EXPRIMIDOR CHICO MASTER 42 ECT,34.56
072/003,CAJA EXPRIMIDOR GRANDE INNER 40 ECT,31.68
072/004,CAJA EXPRIMIDOR GRANDE MASTER 42 ECT,38.04
072/005,BANDA PARA EXPRIMIDOR CHICO,7.87
072/006,TRIPTICO PARA EXPRIMIDOR CHICO,5.11
072/007,CAJA INNER MUG SET BOX CON INSERTO 32 ECT,8.44
072/008,CAJA MASTER 12 PARA MUG SET BOX 32 ECT,26.07
072/009,CAJA MASTER TAJINA 51 ECT,27.07
072/010,CAJA INNER PARA BASE TAJINA 32 ECT,8.32
072/011,INSERTO PARA TAPA TAJINA 32 ECT,2.87
072/012,CAJA TORTILLERA INNER CON IMPRESION.,10.93
072/013,CAJA TORTILLERA MASTER 6,17.56
072/014,BANDA PARA TOTILLERA CON IMPRESION,4.97
072/015,TRIPTICO PARA TORTILLERA CON IMPRESISON,5.11
072/016,CAJA PARA MOLCAJETE 16.0 x 16.0 x 11.0 40 ECT C/S,7.24
072/017,CAJA PARA CACAO OAXACA INNER 23 ECT. MICRO CORRUGADO,27.45
072/018,CAJA CACAO OAXACA MASTER-6 ,37.33
072/019,CAJA PARA SET 2 VASOS 8 x 10 INNER 32 ECT KRAFT B. IMPRESION 1 TINTA,6.67
072/020,CAJA VASO DOF JUICER MARGARITA MICRO C/INSERTO,16.24
072/021,CAJA JARRITA BARRO 40 ECT,7.17
072/022,CAJA 4 CANTAROS 40 ECT C/ CAMAS Y CELDAS DE PROTECCION,27.67
072/023,CAJA 4 VASOS HB 7x15 CLEAR,15.29
072/024,CAJA PARA HAMACA 132.0x18.0x18.0 32 ECT. IMPRESION 1 TINTA,34.92
072/025,CAJA PORTA INCIENSO MICRO CORRUGADO CON IMPRESION,2.02
072/026,CAJA 4 CANTARITOS M-4,1
072/027,CAJA SET 2 VASOS M-12,19.67
072/028,CAJA SET 4 VASOS DOF M-4,25.64
072/029,CAJA SET 4 VASOS HB M-4,24.32
072/030,CAJA CAZUELA BARRO M-1,17.82
072/031,CAJA CAZUELA MOLE M-6,30.31
072/032,CAJA MASTER CANTARITOS,42.56
072/033,CAJA DULCE BOX,8.22
072/034,CAJA TORTILLERA ALUMINIO,11.9
073/001,CAJA VASO 8 X 13 M-6,26.7
073/002,CAJA VASO TEQUILERO M-6,14.33
073/003,CAJA MANTEQUILERO M-6,19.67
073/004,CAJA FLORERO GRANDE M-1,14.53
073/005,CAJA FLORERO CHICO M-1,14.92
073/006,CAJA MASTER 2 SET FLOREROS,11.22
073/007,CAJA SET FLORERO CUADRADO 3 PZAS,13.72
073/008,CAJA MANTEQUILERO CHICO,13.55
073/009,CAJA PARA CUCHARA 1 PIEZA,11.78
074/001,CAJA PARA TAPETES 1 PZA,21.73
074/002,CAJA PARA CAMINO DE MESA,15.89
075/001,CAJA  24 FRASCOS,5.96
076/001,CAJA 6  BOT. LUNA ROSA 750 ML,21.97
076/002,CAJA GELATINA TUKATETI 50.0 X 30.0 X 20.0 42 ECT IMPRESION 1 TINTA.,28.8
077/001,CAJA PARA CHILE XATZE 37.0 x 29.0 x 19.0,13.43
077/002,CAJA CHILES,11.6
078/001,CAJA PARA 2 SILLAS,138.64
078/002,CAJA PARA BANCO TEJIDO,83.3
078/003,CAJA SILLA SAVANEI M-2,131.28
078/004,CAJA BANCO ARTEX SIN CODERA M-1,128.79
078/005,CAJA SILLA ARTEX CODERA M-1,104.01
078/006,CAJA BANCO MALTA /SAVANEI M-1,99.75
078/007,CAJA BANCO VARON M-1,108.19
078/008,CAJA SILLA ARES M-1,119.33
078/009,CAJA SILLA TORONTO M-1,124.2
078/010,CAJA SILLA PEINETA F.LARGO M-2,140.63
079/001,CAJA PARA SOMBRERO 40.0 x 40.0 x 20.0,19.89
080/001,LAMINA 217.0 x 240.0 42 ECT D/C,89.17
081/001,CAJA 28 BOT.1 LITRO EXTRACTO,39.47
082/001,LATERAL BOAL CON IMPRESION,16.85
082/002,SEPARADOR BOAL D/C,28.92
083/001,CAJA TORTILLERO CHICO M-6,16.2
083/002,CAJA TORTILLERO GRANDE M-6,17.28
083/003,CAJA NI—O DIOS N∞15,3.34
083/004,CAJA NI—O DIOS N∞20,4.69
083/005,CAJA NI—O DIOS N∞25,6.28
083/006,CAJA NI—O DIOS N∞30,7.86
083/007,CAJA NI—O DIOS N∞35,9.49
083/008,CAJA NI—O DIOS N∞40,12.15
083/009,CAJA COMAL REDONDO 5 PZAS,7.53
083/010,CAJA COMAL OVALADO 5 PZAS,9.73
083/011,CAJA CAZUELA GRANDE M-1,12.39
083/012,CAJA CAZUELA CHICA M-1,8.6
083/013,CAJA CAZUELA MEDIANA M-1,10.75
083/014,CAJA CABALLO CAFE M-1,41.72
083/015,CAJA TORO NEGRO SIN CUERNOS M-1,36.46
083/016,CAJA GALLO M-1,35
083/017,CAJA TORO NEGRO M-1,50.76
083/018,CAJA TORO BLANCO M-1,39.67
083/019,CAJA TORO NARANJA M-1,39.67
083/020,CAJA PARA MOLCAJETE,14.63
083/021,CAJA OLLA CHICA SIN TAPA,5.35
083/022,CAJA OLLA MEDIANA CON TAPA,6.79
083/023,CAJA OLLA GRANDE CON TAPA,12.11
083/024,CAJA CAZUELA N∞5,11.71
083/025,CAJA CAZUELA N∞6,14.58
083/026,CAJA CAZUELA N∞7,14.44
083/027,CAJA CAZUELA GRANDE 39,20.62
083/028,CAJA CAZUELA MEDIANA 37,19.68
083/029,CAJA CAZUELA CHICA 27,11.23
083/030,CAJA OLLA CHICA 15,7.74
083/031,CAJA OLLA MEDIANA 18,10.4
083/032,CAJA OLLA GRANDE 25,13.82
083/033,CAJA OLLA MEDIANA 20,9.37
083/034,CAJA OLLA CON TAPA 22,9.33
083/035,CAJA GAYLORD,137.9
084/001,CAJA 33/27/27,13.7
084/002,CAJA 30/30/30,15.18
084/003,CAJA 44/35/25,19.79
084/004,CAJA 29/23/19,9.37
084/005,CAJA 30/23/30,11.95
084/006,CAJA 30/26/35,14.45
084/007,CAJA 23/19/19,6.95
084/008,CAJA 25/19/12,5.97
084/009,CAJA 30/30/15,11.48
084/010,CAJA 40/30/20,14.75
084/011,CAJA 35/26/15,10.66
084/012,CAJA 25/15/12,4.79
084/013,CAJA 60/38/30,29.99
084/014,CAJA 21.5/21.5/16.5,7.3
084/015,CAJA POSLINE,14.92
084/016,CAJA MASTER POSLINE,33.54
084/017,SEPARADOR 106.0 X 42.0 21 ECT.,6.41
084/018,SEPARADOR 106.8 X 84.0 21 ECT.,12.43
084/019,SEPARADOR 62.0 X 41.0 32 ECT.,3.73
084/020,CAJA 15/15/10,3.71
084/021,CAJA 40/20/32,12.43
084/022,CAJA 31/22/24,10.42
084/023,CAJA 20/20/14,6.2
084/024,CAJA SUAJADA,2.8
084/025,CAJA 56/30/33,23.77
084/026,CAJA 42/29/40,23.47
084/027,CAJA 43/24/56,21.84
084/028,CAJA 25/25/25,11.48
084/029,CAJA 29/23/23,11.03
084/030,CAJA MASCARILLA 24 PZAS,10.3
084/031,CAJA MASCARILLA 12 PZAS,6.81
084/032,CAJA SHAMPOO 12 PZAS,10.01
084/033,CAJA SHAMPOO 24 PZAS,15.91
085/001,CAJA 9 BOT/1.89 LT,14.22
085/002,CAJA 12 BOT/1 LTO,11.79
085/003,CAJA 20 BOT/500 ML,13.2
085/004,SEPARADOR D/C,2.17
086/001,CAJA PARA SOMBREROS 1/3 PZAS,25.03
086/002,CAJA PARA GORRAS BRUNEL,10.68
087/001,CAJA PARA MECEDORA M-1,37.09
088/001,CAJA JARRA AGUA INNER 1,37.56
088/002,CAJA JARRA AGUA M-2,39.85
088/003,CAJA PLATO TRINCHE 24 CM INNER 4,45.95
088/004,CAJA PLATO TRINCHE M-2 ,44.66
088/005,CAJA PLATO OVALADO INNER,51.24
088/006,CAJA PLATO OVALADO M-2,51.24
088/007,CAJA SET LECHERO INNER,52.71
088/008,CAJA SET LECHERO M-2,52.06
088/009,CAJA SERVILLETERO M.4,52.06
088/010,CAJA TORTILLERO INNER,46.94
088/011,CAJA TORTILLERO M-2,44.83
088/012,CAJA SET SERVILLETERO 4 PZAS. 24.0 x 8.5 x 8.0,9.66
088/013,CAJA MOLCAJETE INNER 1,32.04
088/014,CAJA MOLCAJETE M-2,34.83
089/001,CAJA URBAN M-1,141.38
091/001,CAJA PARA MUEBLE MF-2643,126.83
091/002,CAJA PARA MUEBLE MF-26430,126.83
092/001,CAJA PILLAR 3 X 8 M-6,12.27
092/002,CAJA PILLAR 3 X 6 M-6,11.09
092/003,CAJA PILLAR 3 X 4 M-6,9.72
092/004,CAJA PILLAR Y TABLA,11.49
093/001,CAJA 880,15.9
094/001,CAJA TEQUILERA 12/500 ML,11.38
094/003,CAJA BRANDY GUALA 12/1000,14.13
094/004,CAJA VELA GRANDE,3
095/001,CAJA VELA 1/2 KG,1.2
095/002,CAJA VELA 1/4 KG,1
095/003,CAJA VELA 1 KG,2
096/001,SINGLE FACE.,1
098/001,CAJA PARA TAPAS,39.17
099/001,CAJA ARCHIVO,53
100/001,CAJA GARZA STOOL NATURAL/SMOKE GRAY BAR,166.2
100/002,CAJA GARZA STOOL NATURAL/SMOKE GRAY COUNTER,157.82
100/003,TAPA CHAROLA LLANO QUEEN,112.14
100/004,CUERPO CHAROLA LLANO QUEEN,109.95
100/005,TAPA CHAROLA LLANO KING,140.56
100/006,CUERPO CHAROLA LLANO KING,138.37
100/007,CAJA NOCONA STOOL NAT LEATHER BAR 011,109.67
100/008,CAJA NOCONA STOOL NAT LEATHER COUNTER 017,100.91
100/009,CAJA JACOBO END TABLE,124.98
100/010,CAJA LOMBARD DINNING CHAIR,175.47
